benlauderdal,7.30261897574,1
overconfid,7.30261897574,1
saver,7.30261897574,1
olivierjanss,7.30261897574,1
protest,5.79854157897,8
sleep,7.30261897574,1
asian,6.89715386764,2
6pm,6.89715386764,2
oper,6.38632824387,4
captain,7.30261897574,1
hate,6.89715386764,2
payoff,6.89715386764,2
selfdrivingcar,7.30261897574,1
accus,7.30261897574,1
accur,6.89715386764,2
hireavet,7.30261897574,1
vile,6.89715386764,2
punjab,7.30261897574,1
aum,7.30261897574,1
helaineolen,6.89715386764,2
tween,6.89715386764,2
346,5.35670882669,13
bike,7.30261897574,1
unpreced,7.30261897574,1
swap,6.60947179518,3
fbomb,6.89715386764,2
hedg,5.10539439841,19
pride,7.30261897574,1
worth,6.04985600725,6
playground,7.30261897574,1
dela,7.30261897574,1
therel,7.30261897574,1
digit,7.30261897574,1
josephromero68,7.30261897574,1
everi,5.35670882669,13
risk,5.10539439841,21
macroec,7.30261897574,1
blanket,7.30261897574,1
rise,5.79854157897,8
voic,7.30261897574,1
gouvern,7.30261897574,1
herder,7.30261897574,1
ident,7.30261897574,1
jack,6.89715386764,2
15yr,7.30261897574,1
affect,7.30261897574,1
vill,7.30261897574,1
28mln,7.30261897574,1
school,6.60947179518,3
cashflow,7.30261897574,1
sovietera,7.30261897574,1
kathy279,7.30261897574,1
mduda,7.30261897574,1
sonnybunch,7.30261897574,1
securedata,7.30261897574,1
mongolia,7.30261897574,1
bruegel,7.30261897574,1
triumph,6.89715386764,2
enjoy,7.30261897574,1
properti,6.60947179518,3
vladimir,7.30261897574,1
till,7.30261897574,1
direct,6.89715386764,2
histor,6.60947179518,3
erisltd,7.30261897574,1
consequ,7.30261897574,1
second,6.89715386764,2
street,7.30261897574,1
500bn,7.30261897574,2
aggreg,7.30261897574,1
hfdwolterman,7.30261897574,1
7th,7.30261897574,1
horz,7.30261897574,1
pander,7.30261897574,1
aim,7.30261897574,1
editpag,7.30261897574,1
jillfilipov,7.30261897574,1
pace,7.30261897574,1
widen,6.89715386764,2
emalfarb,7.30261897574,1
unyield,7.30261897574,1
litig,7.30261897574,1
asia,7.30261897574,1
firesting81,7.30261897574,1
recognis,7.30261897574,1
nez,7.30261897574,1
fossil,7.30261897574,1
ney,7.30261897574,1
supplier,7.30261897574,1
new,3.86863177126,63
net,5.10539439841,18
told,6.38632824387,4
cashmer,7.30261897574,1
intress,7.30261897574,1
elimin,7.30261897574,1
andrewbeatti,7.30261897574,1
men,6.60947179518,3
citifield,7.30261897574,1
met,6.89715386764,2
safeti,6.89715386764,2
china,5.59787088351,10
lt40,7.30261897574,1
path,6.89715386764,2
100,6.20400668708,9
biloxi,7.30261897574,1
cimmerian999,7.30261897574,1
mex,7.30261897574,1
arroyo,7.30261897574,1
michaelbruce7,7.30261897574,1
deterior,7.30261897574,1
soul,7.30261897574,1
feministhalseyi,7.30261897574,1
goldi,7.30261897574,1
deregul,7.30261897574,1
loos,6.89715386764,2
dri,6.89715386764,2
credit,6.04985600725,6
permit,7.30261897574,1
generali,7.30261897574,1
studi,6.20400668708,5
jami,7.30261897574,1
paulhhodson,7.30261897574,1
mutual,6.38632824387,4
golden,7.30261897574,1
pctgdp,6.60947179518,3
campaign,6.60947179518,3
immin,7.30261897574,1
newspap,7.30261897574,1
reagan,7.30261897574,1
brought,6.60947179518,3
releas,7.30261897574,1
moral,7.30261897574,1
hipchat,7.30261897574,1
pegida,7.30261897574,1
bra,6.89715386764,3
highli,6.89715386764,2
dne,7.30261897574,1
plot,6.89715386764,2
monti,7.30261897574,1
maliki,7.30261897574,1
likelihood,7.30261897574,1
neoliber,7.30261897574,1
prescript,7.30261897574,1
blueberri,7.30261897574,2
upset,7.30261897574,1
insult,7.30261897574,1
vol,6.89715386764,2
program,7.30261897574,1
asset,5.16255281225,17
armi,7.30261897574,1
catchi,7.30261897574,1
preview,7.30261897574,1
guesshillari,7.30261897574,1
tell,7.30261897574,1
musk,6.89715386764,2
paperwork,7.30261897574,1
relay,7.30261897574,1
relax,7.30261897574,1
oscar,7.30261897574,1
calcsam,6.89715386764,2
haha,7.30261897574,1
notic,7.30261897574,1
hurt,7.30261897574,1
warn,7.30261897574,1
glass,7.30261897574,1
adult,7.30261897574,1
robin,7.30261897574,1
90,7.30261897574,1
92,7.30261897574,1
95,7.30261897574,1
neumarkdn,7.30261897574,1
accid,7.30261897574,1
1992,7.30261897574,1
join,6.89715386764,2
room,6.38632824387,4
cheapest,6.60947179518,3
1999,6.89715386764,2
setup,5.43081679884,12
work,5.05132717714,18
shijiazhuang,7.30261897574,1
vyberu,7.30261897574,1
era,6.38632824387,4
frequenc,7.30261897574,1
ta,6.89715386764,2
carmen,7.30261897574,1
declassifi,7.30261897574,1
shook,6.38632824387,4
saturday,7.30261897574,1
defer,7.30261897574,1
minivansbus,7.30261897574,1
bradloncar,7.30261897574,1
shannarabox,7.30261897574,1
india,6.04985600725,6
indic,6.60947179518,3
cautiou,6.60947179518,3
coalit,7.30261897574,1
liter,7.30261897574,1
highpotenti,7.30261897574,1
want,5.16255281225,17
wow,6.89715386764,2
resourc,6.60947179518,3
premium,6.04985600725,6
uae,7.30261897574,1
valuetrap13,5.91632461463,7
alexandrajacob,7.30261897574,1
end,4.95124371858,20
hoc,7.30261897574,1
quot,6.89715386764,2
polic,6.60947179518,3
entretien,7.30261897574,1
travel,6.38632824387,4
trendfollow,6.60947179518,3
far,5.91632461463,7
hot,7.30261897574,1
recoveri,6.89715386764,2
regist,7.30261897574,1
answer,5.79854157897,8
gate,6.89715386764,2
widespread,6.89715386764,2
beach,6.89715386764,2
collaps,6.60947179518,3
youfacethetick,7.30261897574,1
disson,7.30261897574,1
mess,7.30261897574,1
chines,6.20400668708,5
lag,7.30261897574,1
psychologybrief,7.30261897574,1
lab,7.30261897574,1
befor,5.43081679884,12
wrong,5.59787088351,10
geolog,7.30261897574,1
beauti,6.60947179518,3
retain,7.30261897574,1
lat,6.89715386764,2
trader,6.89715386764,2
5year,7.30261897574,1
demonstr,7.30261897574,1
inventori,6.89715386764,2
stronghold,7.30261897574,1
principl,7.30261897574,1
attempt,7.30261897574,1
overtaken,6.60947179518,3
labourchri,7.30261897574,1
spout,7.30261897574,1
petesp,7.30261897574,1
confeder,7.30261897574,1
behavioralfin,7.30261897574,1
greet,7.30261897574,1
scare,6.60947179518,3
20012012,7.30261897574,1
greek,7.30261897574,1
maintain,7.30261897574,1
18to,7.30261897574,1
capitalist,6.89715386764,2
enter,6.89715386764,3
exclus,6.89715386764,2
greec,6.38632824387,4
timbray,7.30261897574,1
make,4.86027194038,23
backdrop,7.30261897574,1
blind,7.30261897574,1
salon,7.30261897574,1
feedback,7.30261897574,1
francescoppola,6.38632824387,4
maxsilvestri,7.30261897574,1
telecom,7.30261897574,1
consent,7.30261897574,1
offici,6.20400668708,5
govern,6.20400668708,6
youtub,6.89715386764,2
becaus,5.51085950652,11
imfar,7.30261897574,1
foxnew,6.89715386764,2
japan,7.30261897574,1
vari,6.89715386764,2
mayor,7.30261897574,1
timmyconspiraci,7.30261897574,1
4388,6.89715386764,2
ime,7.30261897574,1
pharma,6.89715386764,2
fit,6.89715386764,2
imf,6.89715386764,2
del,7.30261897574,1
clf,7.30261897574,1
lengthi,7.30261897574,1
imo,6.38632824387,4
better,5.05132717714,19
offic,5.79854157897,8
wbvt98fm,7.30261897574,1
400,6.89715386764,2
owneroper,7.30261897574,1
easier,7.30261897574,1
thalesian,6.60947179518,3
aston,7.30261897574,1
iowa,5.91632461463,7
undervalu,6.60947179518,3
promin,6.89715386764,2
workout,7.30261897574,1
unelect,7.30261897574,1
break,6.04985600725,6
band,6.60947179518,3
glorifi,6.60947179518,3
promis,6.89715386764,2
mosher,7.30261897574,1
mgmt,6.89715386764,2
okay,6.89715386764,2
wedg,7.30261897574,1
tourism,6.89715386764,2
vysledki,7.30261897574,1
bank,5.00003388275,21
bread,7.30261897574,1
choic,6.20400668708,5
nickbilton,7.30261897574,1
victori,6.60947179518,3
walkthrough,7.30261897574,1
aucun,7.30261897574,1
hyg,7.30261897574,1
chuck,7.30261897574,1
hizbollah,7.30261897574,1
herald,7.30261897574,1
sung,7.30261897574,1
luca,7.30261897574,1
arrow,7.30261897574,1
wage,6.60947179518,3
went,6.38632824387,4
european,6.60947179518,3
oblig,7.30261897574,1
meal,6.89715386764,2
bond,5.2877159552,14
healthcar,7.30261897574,1
expuls,7.30261897574,1
churchstat,7.30261897574,1
vote,5.43081679884,13
forgot,7.30261897574,1
artaud,7.30261897574,1
commiss,5.69318106331,9
24x,7.30261897574,1
leonc1963,7.30261897574,1
rt,6.89715386764,2
depress,6.89715386764,2
shame,6.89715386764,2
gon,6.89715386764,2
lair,7.30261897574,1
network,7.30261897574,1
oprah,7.30261897574,2
goe,6.89715386764,2
god,6.20400668708,5
crucial,7.30261897574,1
content,6.60947179518,3
optim,6.60947179518,3
sane,7.30261897574,1
rare,7.30261897574,1
okayultra,7.30261897574,1
got,5.43081679884,12
sme,7.30261897574,1
ajc,7.30261897574,1
venezuela,7.30261897574,1
gop,6.60947179518,3
sma,7.30261897574,1
smart,5.59787088351,10
ze,7.30261897574,1
nczeitgeist,7.30261897574,1
realjamesrisen,7.30261897574,1
barrier,7.30261897574,1
whiff,7.30261897574,1
brrd,7.30261897574,1
situat,6.60947179518,3
bldg,7.30261897574,1
40ema,7.30261897574,1
fred,6.89715386764,2
ftse,7.30261897574,1
classwho,7.30261897574,1
inom,7.30261897574,1
nie,7.30261897574,1
storm,5.69318106331,9
micropay,7.30261897574,1
perform,6.38632824387,4
teenag,7.30261897574,1
billkristol,7.30261897574,1
goldmin,7.30261897574,1
gillespie2400,7.30261897574,1
longterm,6.89715386764,2
wa,4.1245651454,54
steward,7.30261897574,1
filter,7.30261897574,1
att,7.30261897574,1
atherosclerosi,7.30261897574,1
flintston,7.30261897574,1
regress,7.30261897574,1
baltic,7.30261897574,1
ladyfohf,6.60947179518,3
confus,6.60947179518,3
stewart,7.30261897574,1
fantasi,7.30261897574,1
rang,5.59787088351,11
trillion,6.89715386764,2
meet,6.60947179518,3
magnifi,7.30261897574,1
mesmer,7.30261897574,1
rank,6.89715386764,2
necess,7.30261897574,1
wash,6.89715386764,2
datastructur,7.30261897574,1
alreadi,6.04985600725,6
intak,7.30261897574,1
comic,7.30261897574,1
agre,5.91632461463,7
fantast,6.38632824387,4
prosecut,7.30261897574,1
latenc,7.30261897574,1
copernicus2013,5.35670882669,13
nomin,7.30261897574,1
goldietaylor,7.30261897574,1
tor,7.30261897574,1
bitcoin,5.79854157897,8
downsid,6.38632824387,4
jesselivermor,6.20400668708,5
wigglesworth,7.30261897574,1
2,4.95124371858,22
master,6.60947179518,3
tune,6.89715386764,2
similarli,7.30261897574,1
tragic,7.30261897574,1
hollywood,6.89715386764,2
denquet,7.30261897574,1
fredwilson,7.30261897574,1
zerohedg,6.89715386764,2
listen,6.89715386764,2
061,7.30261897574,1
murder,6.60947179518,3
underappreci,7.30261897574,1
zionist,7.30261897574,1
massiv,5.69318106331,9
sacca,7.30261897574,1
sync,7.30261897574,1
oilga,7.30261897574,1
happili,7.30261897574,1
horn,7.30261897574,1
technic,7.30261897574,1
peterhoskinstv,7.30261897574,1
toronto,6.89715386764,4
nail,7.30261897574,1
raczej,7.30261897574,1
silli,7.30261897574,1
target,6.38632824387,4
noelle78xo,7.30261897574,1
provid,6.38632824387,4
tsi,7.30261897574,1
temporari,7.30261897574,1
lightcoin,7.30261897574,1
awwatt,7.30261897574,1
httpstcocyfyr,7.30261897574,1
kaatsu,7.30261897574,1
ongo,7.30261897574,1
minut,6.89715386764,2
priceless,7.30261897574,1
empow,6.89715386764,2
rogerkv,6.89715386764,2
marketmak,6.89715386764,2
aapl,6.89715386764,2
modern,7.30261897574,1
lulu,7.30261897574,1
peachtre,7.30261897574,1
spent,7.30261897574,1
kamakura,6.89715386764,2
giveaway,7.30261897574,1
increment,7.30261897574,1
seen,5.69318106331,9
lhsummer,6.89715386764,2
pittsman,7.30261897574,1
minu,7.30261897574,1
dozen,7.30261897574,1
fricosisguy,7.30261897574,1
strength,7.30261897574,1
1968,7.30261897574,1
luxuri,7.30261897574,1
terrif,6.20400668708,5
gop2016,6.89715386764,2
1960,7.30261897574,1
howardlindzon,7.30261897574,1
jay21,7.30261897574,1
client,6.60947179518,3
engineeringproduct,7.30261897574,1
nischat,7.30261897574,1
topmarket,7.30261897574,1
davidson,7.30261897574,1
expens,6.89715386764,2
shallow,6.89715386764,2
germani,5.22317743407,15
plenti,6.38632824387,4
glob,7.30261897574,1
mother,7.30261897574,1
dialogu,7.30261897574,1
shale,6.60947179518,3
swiss,7.30261897574,2
regular,7.30261897574,1
letter,6.60947179518,3
phase,7.30261897574,1
berryg100,7.30261897574,1
zealand,7.30261897574,1
excus,7.30261897574,1
professor,7.30261897574,1
camp,7.30261897574,1
flow,5.79854157897,8
dog,6.60947179518,3
doe,5.59787088351,10
swamp,7.30261897574,1
declar,7.30261897574,1
tech,5.91632461463,7
hiatu,7.30261897574,1
dow,6.89715386764,2
came,6.38632824387,4
ldc,7.30261897574,1
povedat,7.30261897574,1
bait,7.30261897574,1
mostli,6.89715386764,2
coeur,7.30261897574,1
saga,7.30261897574,1
opposit,6.60947179518,3
1148,7.30261897574,1
pave,7.30261897574,1
tehran,5.91632461463,7
openli,6.38632824387,4
radio,6.89715386764,2
microbead,7.30261897574,1
lethal,7.30261897574,1
bail,7.30261897574,1
involv,7.30261897574,1
consolid,6.38632824387,4
omnibu,7.30261897574,1
saudiarabia,7.30261897574,1
capex,6.38632824387,4
gowarik,7.30261897574,1
losingwin,7.30261897574,1
bust,7.30261897574,1
cougar,7.30261897574,1
bush,6.89715386764,3
busi,5.16255281225,17
explic,7.30261897574,1
shouldnt,6.60947179518,3
hrc,6.89715386764,2
bahrain,6.89715386764,2
dm,7.30261897574,1
reflat,7.30261897574,1
grimreapernow,7.30261897574,1
di,6.38632824387,5
toll,7.30261897574,1
db,7.30261897574,1
da,7.30261897574,1
pocket,7.30261897574,1
sirfreport,7.30261897574,1
cryptographi,7.30261897574,1
report,5.22317743407,15
dw,6.89715386764,2
du,6.60947179518,3
dr,7.30261897574,1
earn,6.60947179518,3
ema,7.30261897574,1
rza,7.30261897574,1
noon,7.30261897574,1
chavismo,7.30261897574,1
muckreads2015,7.30261897574,1
bax,7.30261897574,1
public,5.79854157897,8
bad,6.04985600725,6
rival,6.89715386764,2
linguist,7.30261897574,1
dasan,7.30261897574,1
smartli,7.30261897574,1
saul,7.30261897574,1
respond,6.89715386764,2
reread,7.30261897574,1
fair,6.60947179518,3
habit,6.60947179518,3
resist,6.89715386764,2
result,6.20400668708,5
respons,7.30261897574,1
corrupt,7.30261897574,1
wait,5.35670882669,13
standardowo,7.30261897574,1
hammer,7.30261897574,1
best,4.73766961828,27
sooner,7.30261897574,1
brazil,6.60947179518,3
awar,6.89715386764,2
00,7.30261897574,1
moron,7.30261897574,1
07,6.89715386764,2
racebas,7.30261897574,1
away,6.60947179518,3
wikipedia,7.30261897574,1
discoveri,6.89715386764,2
ecfr,7.30261897574,1
bien,7.30261897574,1
outstand,7.30261897574,1
finger,6.89715386764,2
368,7.30261897574,1
pampl,7.30261897574,1
approach,6.60947179518,3
posthealthsci,7.30261897574,1
iarroyo48,7.30261897574,1
heisman,6.89715386764,2
accord,6.20400668708,5
artikel,7.30261897574,1
extend,6.89715386764,2
nstream,7.30261897574,1
optimist,6.89715386764,2
travers,7.30261897574,1
weekend,6.89715386764,2
africabuspol,7.30261897574,1
japankorea,7.30261897574,1
extens,6.60947179518,3
385,7.30261897574,1
extent,7.30261897574,1
upfront,7.30261897574,1
carbon,7.30261897574,1
motto,7.30261897574,1
debt,5.2877159552,15
occorr,7.30261897574,1
kitchen,6.89715386764,2
prosper,7.30261897574,1
cop,7.30261897574,1
protect,7.30261897574,1
expos,6.60947179518,3
cow,7.30261897574,1
unimagin,7.30261897574,1
howev,6.38632824387,4
ryanbeckwith,7.30261897574,1
misguid,7.30261897574,1
163week,7.30261897574,1
misunderstand,7.30261897574,1
adamnmichel,7.30261897574,1
brad,7.30261897574,1
countri,5.91632461463,7
uncertainti,7.30261897574,1
com,6.60947179518,3
coo,7.30261897574,1
jennydelux,7.30261897574,1
assur,7.30261897574,1
tough,6.89715386764,2
pose,7.30261897574,1
thoughtprovok,7.30261897574,1
2nd,6.89715386764,2
conspiraci,7.30261897574,1
jsamperiz1,7.30261897574,1
unicefghana,7.30261897574,1
wider,7.30261897574,1
diff,7.30261897574,1
guid,7.30261897574,1
assum,6.89715386764,2
254,7.30261897574,1
duplic,7.30261897574,1
subsidi,7.30261897574,1
liabil,7.30261897574,1
bathroom,7.30261897574,1
strong,6.04985600725,6
froth,7.30261897574,1
nonsens,7.30261897574,1
union,6.60947179518,3
fri,7.30261897574,1
buffett,6.20400668708,5
lepsi,7.30261897574,1
frm,7.30261897574,1
drwave,7.30261897574,1
specul,7.30261897574,1
accumul,7.30261897574,1
beer,6.89715386764,2
spread,5.59787088351,10
valu,5.79854157897,8
100ft,7.30261897574,1
basic,7.30261897574,1
futur,5.2877159552,16
rand,7.30261897574,1
pro,7.30261897574,1
lsepoliticsblog,7.30261897574,1
quickli,6.38632824387,4
intetest,7.30261897574,1
25h,7.30261897574,1
premier,7.30261897574,1
regul,6.60947179518,3
ge2015,7.30261897574,1
dismiss,7.30261897574,1
worker,6.89715386764,2
xmasnew,7.30261897574,1
marijuana,7.30261897574,1
pista,7.30261897574,1
dave,7.30261897574,1
danstrumpf,6.89715386764,2
child,7.30261897574,1
timoreilli,6.89715386764,2
sad,7.30261897574,1
spin,7.30261897574,1
bookstor,7.30261897574,2
play,5.91632461463,7
ugli,6.89715386764,2
beforehaha,7.30261897574,1
shrink,7.30261897574,1
servic,6.04985600725,6
grovernorquistrewrit,7.30261897574,1
commerci,6.60947179518,3
evalongoria,7.30261897574,1
air,6.89715386764,2
employ,7.30261897574,1
alexjg888,7.30261897574,1
gna,7.30261897574,2
publicli,6.60947179518,3
visit,6.04985600725,6
aid,7.30261897574,1
gave,6.60947179518,3
anchor,7.30261897574,1
biotech,7.30261897574,1
seven,6.89715386764,2
psclfrst,7.30261897574,1
mexico,6.38632824387,4
theatr,7.30261897574,1
smh,7.30261897574,1
audusd,7.30261897574,1
prelat,7.30261897574,1
im,5.10539439841,17
il,6.60947179518,3
jest,7.30261897574,1
doorman,7.30261897574,1
id,6.20400668708,5
sever,6.38632824387,4
grown,7.30261897574,1
quand,7.30261897574,1
dilut,7.30261897574,1
protraderkim,7.30261897574,1
microstructur,6.89715386764,2
patent,7.30261897574,1
suggest,6.89715386764,2
6sigmarock,7.30261897574,1
transpar,7.30261897574,1
zeynep,6.89715386764,2
split,5.91632461463,7
global,5.59787088351,10
jerri,7.30261897574,1
complet,6.20400668708,5
actorsit,7.30261897574,1
evid,6.89715386764,3
longshort,6.89715386764,2
quentin,7.30261897574,1
rail,6.89715386764,2
hfm17mile,6.20400668708,5
rain,7.30261897574,1
hand,6.60947179518,3
delight,7.30261897574,1
adblock,7.30261897574,1
rais,6.20400668708,5
effortlessli,7.30261897574,1
unicorn,7.30261897574,1
weird,7.30261897574,1
jesseberney,7.30261897574,1
percentag,7.30261897574,1
kid,6.60947179518,3
butter,7.30261897574,1
redefin,7.30261897574,1
cavemen,7.30261897574,1
thx,7.30261897574,1
ejdionn,6.89715386764,3
1600,7.30261897574,1
thu,7.30261897574,1
fletcherr,7.30261897574,1
kyle,7.30261897574,1
aisl,7.30261897574,1
2016ltcmabyjpm,7.30261897574,1
contact,7.30261897574,1
greatest,6.89715386764,2
thi,3.66503281602,77
diverg,6.60947179518,3
mattmitchell80,7.30261897574,1
om,6.89715386764,2
everyth,6.38632824387,4
fritz100,7.30261897574,1
campu,7.30261897574,1
legisl,7.30261897574,1
left,7.30261897574,1
postpon,7.30261897574,1
xiongtx,7.30261897574,1
laeqti,7.30261897574,1
capitol,7.30261897574,1
true,5.91632461463,7
photo,6.89715386764,2
publiclyfinanc,7.30261897574,1
daniellemorril,7.30261897574,1
iainmartin,7.30261897574,1
alekgold,7.30261897574,1
human,5.51085950652,11
volunt,6.89715386764,2
cretin,7.30261897574,1
ploexeccmt,7.30261897574,1
languag,7.30261897574,1
johnkasich,7.30261897574,1
elk,7.30261897574,1
shiit,6.04985600725,6
blowback,7.30261897574,1
easi,6.38632824387,4
5s,7.30261897574,1
n,7.30261897574,1
relearn,6.89715386764,2
board,6.89715386764,2
els,7.30261897574,1
har,7.30261897574,2
east,7.30261897574,1
hitrecord,7.30261897574,1
contemporan,7.30261897574,1
applic,7.30261897574,1
mayb,5.79854157897,8
preserv,7.30261897574,1
tmrw,7.30261897574,1
80000hour,7.30261897574,1
direxion,7.30261897574,1
background,7.30261897574,1
wide,6.60947179518,3
govt,6.89715386764,2
scatta,7.30261897574,1
apart,6.89715386764,2
measur,6.89715386764,2
aadetugbo,7.30261897574,1
gift,7.30261897574,1
bfeld,7.30261897574,1
contradict,7.30261897574,1
56,6.60947179518,3
andyandyhal,7.30261897574,1
50,6.20400668708,5
10year,7.30261897574,1
any1,7.30261897574,1
remind,6.20400668708,5
paulwdrak,7.30261897574,1
night,7.30261897574,1
mate,7.30261897574,1
jean,6.89715386764,2
right,4.62847032632,28
old,5.91632461463,7
crowd,7.30261897574,1
surg,6.60947179518,3
orlando,7.30261897574,1
teh,7.30261897574,1
dead,7.30261897574,1
born,6.89715386764,2
donald,6.60947179518,3
usher,7.30261897574,2
bori,7.30261897574,1
201620,7.30261897574,1
creep,7.30261897574,1
psychologysenti,7.30261897574,1
total,5.79854157897,8
floatsi,7.30261897574,1
pregnant,6.89715386764,2
fox,7.30261897574,1
pavement,7.30261897574,1
ice,7.30261897574,1
rhino,7.30261897574,2
eleph,6.89715386764,2
subdu,7.30261897574,1
germanrussian,7.30261897574,1
pupaid,6.89715386764,2
jacksgap,7.30261897574,1
cnn,6.89715386764,2
convict,7.30261897574,1
crimebi,7.30261897574,1
price,4.21157652239,48
core,6.20400668708,5
plu,6.60947179518,3
ironclad,7.30261897574,1
sallyjenx,7.30261897574,1
aleguardia,7.30261897574,1
haulbut,7.30261897574,1
payment,7.30261897574,1
burn,6.60947179518,3
confer,7.30261897574,1
whi,4.66356164613,27
wayfair,7.30261897574,1
discount,5.69318106331,9
colleg,6.89715386764,2
discov,7.30261897574,1
peer,7.30261897574,1
post,4.95124371858,20
riaanew,7.30261897574,1
super,6.60947179518,3
carlobenetti,7.30261897574,1
chapter,7.30261897574,1
dilig,7.30261897574,1
rajakorman,7.30261897574,1
slightli,7.30261897574,1
apocalypt,7.30261897574,1
o,6.89715386764,2
analisi,7.30261897574,1
sorri,6.60947179518,3
adel,7.30261897574,1
commit,7.30261897574,1
cyndelh,7.30261897574,1
osborn,6.60947179518,3
unequivoc,7.30261897574,1
apocalyps,7.30261897574,1
underli,6.89715386764,2
snlester,7.30261897574,1
aha,7.30261897574,1
dilemma,7.30261897574,1
noos,7.30261897574,1
lenin,7.30261897574,1
dowdedward,5.35670882669,13
460d,7.30261897574,1
float,6.38632824387,4
som,7.30261897574,1
mba,7.30261897574,1
bath,7.30261897574,1
stop,5.43081679884,13
entrepreneur,6.89715386764,2
whatd,7.30261897574,1
formerli,7.30261897574,1
wrap,7.30261897574,1
opportun,5.91632461463,7
encor,7.30261897574,1
tyvix,6.89715386764,2
debacl,7.30261897574,1
robinwigg,6.38632824387,4
markyusko,5.35670882669,13
deal,6.20400668708,5
real,4.81771232596,23
frustrat,6.89715386764,2
support,3.88489229213,61
appletv,7.30261897574,1
fight,6.60947179518,4
gig,7.30261897574,1
16what,7.30261897574,1
fought,7.30261897574,1
editor,6.60947179518,3
way,5.35670882669,13
fdestin,7.30261897574,1
war,6.20400668708,5
comcast,7.30261897574,1
analysi,7.30261897574,1
headach,7.30261897574,1
head,5.79854157897,8
medium,7.30261897574,1
form,6.20400668708,5
offer,4.59456877464,29
forc,6.04985600725,6
forb,6.89715386764,2
spirit,7.30261897574,1
qcd,7.30261897574,1
realtor,6.89715386764,2
ford,7.30261897574,1
kovalev22473,7.30261897574,1
heat,7.30261897574,1
hear,6.89715386764,2
catalyst,6.89715386764,2
solar,7.30261897574,1
browngetti,7.30261897574,1
evanasmith,7.30261897574,1
wahhabi,7.30261897574,1
hoverboard,7.30261897574,1
analyst,7.30261897574,1
happen,5.91632461463,7
type,6.89715386764,2
coeff,7.30261897574,1
depreci,7.30261897574,1
alnem,7.30261897574,1
intern,6.89715386764,2
crystal,6.89715386764,2
absenc,7.30261897574,1
fundament,6.89715386764,2
seligerj,7.30261897574,1
mountain,6.89715386764,2
virtual,6.89715386764,2
postsoviet,6.89715386764,2
150,7.30261897574,1
adopt,7.30261897574,2
msuster,6.89715386764,2
classic,6.60947179518,3
request,7.30261897574,1
shia,6.20400668708,5
flaw,7.30261897574,1
styrofoam,7.30261897574,1
sale,6.60947179518,3
exist,6.89715386764,2
corbyn,7.30261897574,1
glanc,7.30261897574,1
elon,6.89715386764,2
trit,7.30261897574,1
plan,5.91632461463,7
check,6.38632824387,4
shit,7.30261897574,1
sticki,7.30261897574,1
assembl,7.30261897574,1
howupset,7.30261897574,1
tix,7.30261897574,1
lo,6.89715386764,2
kachinski,7.30261897574,1
andrewmarantz,7.30261897574,1
na,6.38632824387,4
excel,7.30261897574,1
appflyer,7.30261897574,1
actor,6.89715386764,2
ng,7.30261897574,1
til,7.30261897574,1
flood,6.38632824387,4
oneunderscor,7.30261897574,1
role,6.20400668708,5
briefstimulu,7.30261897574,1
rwandan,7.30261897574,1
rachelzarrel,7.30261897574,1
test,6.20400668708,5
tie,7.30261897574,1
appetit,7.30261897574,1
chatwithtrad,7.30261897574,1
kenyan,7.30261897574,1
roll,7.30261897574,1
realiti,7.30261897574,1
dansmithey,6.89715386764,2
netback,7.30261897574,1
intend,7.30261897574,1
determin,7.30261897574,1
sallypancak,7.30261897574,1
felt,5.91632461463,7
seawordg,7.30261897574,1
deton,6.60947179518,3
diet,6.60947179518,3
fell,7.30261897574,1
intent,7.30261897574,1
consid,6.89715386764,2
hawkey,6.89715386764,2
jessefeld,7.30261897574,1
billion,7.30261897574,1
femal,7.30261897574,1
receiv,6.04985600725,7
domingo,7.30261897574,1
bitcoinrel,7.30261897574,1
phone,7.30261897574,1
bestofthen,6.89715386764,2
kateaurthur,7.30261897574,1
jeuasommenul,7.30261897574,1
ignor,6.38632824387,5
buzzfeedandrew,7.30261897574,1
time,3.86863177126,64
push,6.89715386764,2
fasten,7.30261897574,1
lbio,7.30261897574,1
lineup,7.30261897574,1
cirrusdriv,6.89715386764,2
daili,6.20400668708,5
concept,6.89715386764,2
chain,6.60947179518,5
consum,7.30261897574,1
farhad,7.30261897574,1
focus,5.79854157897,8
garyve,7.30261897574,1
scalp,7.30261897574,1
verit,7.30261897574,1
roy,7.30261897574,1
signific,6.38632824387,4
bullsandbear,7.30261897574,1
placat,7.30261897574,1
michaelindsay89,7.30261897574,1
milo,7.30261897574,1
chair,5.91632461463,7
compani,4.06394052358,50
importantcomplementari,7.30261897574,1
row,7.30261897574,1
1948,6.89715386764,2
hold,5.91632461463,7
depend,6.60947179518,3
1942,6.89715386764,2
graph,7.30261897574,2
growthrisk,7.30261897574,1
flash,7.30261897574,1
father,6.89715386764,2
1947,7.30261897574,1
environment,7.30261897574,1
opportunist,7.30261897574,1
supposedli,7.30261897574,1
rubicon,7.30261897574,1
decis,6.89715386764,2
terror,6.60947179518,3
jamiemendola,7.30261897574,1
sing,7.30261897574,1
laborreplac,7.30261897574,1
innit,7.30261897574,1
geopolit,5.91632461463,7
overcom,6.89715386764,2
zhang,7.30261897574,1
unnam,7.30261897574,1
jamyerson,7.30261897574,1
carlyfiorina,6.89715386764,2
condit,6.89715386764,2
octob,6.89715386764,2
ma,6.20400668708,5
cool,7.30261897574,2
halflif,7.30261897574,1
1705,7.30261897574,1
level,6.20400668708,5
die,6.38632824387,4
henri,7.30261897574,1
brother,7.30261897574,1
magnet,7.30261897574,1
item,7.30261897574,1
diy,7.30261897574,1
gut,7.30261897574,1
lever,7.30261897574,1
div,6.89715386764,2
pmt,7.30261897574,1
machin,7.30261897574,1
brave,7.30261897574,1
noonsixcap,7.30261897574,1
smartbeta,7.30261897574,1
1121,7.30261897574,1
nietzsch,7.30261897574,1
qatif,7.30261897574,1
sign,6.60947179518,3
cost,5.69318106331,9
tjreazor,7.30261897574,1
pmi,7.30261897574,1
70mm,6.89715386764,2
walterisaacson,7.30261897574,1
collectionampsystem,7.30261897574,1
appear,7.30261897574,1
currenc,6.38632824387,4
jswatz,7.30261897574,1
nazar,7.30261897574,1
favour,6.60947179518,3
current,6.89715386764,2
rub,7.30261897574,1
wors,6.20400668708,5
suspect,7.30261897574,1
522,6.89715386764,2
goer,7.30261897574,1
1015,7.30261897574,1
appeal,7.30261897574,1
boost,6.60947179518,3
132x,7.30261897574,1
mp,7.30261897574,1
creepiest,7.30261897574,1
asusundevils05,7.30261897574,1
deriv,7.30261897574,1
radisson,7.30261897574,1
zaslav,6.89715386764,2
guardian,6.89715386764,2
gener,6.04985600725,6
mali,6.89715386764,2
footbal,6.89715386764,2
crossstrait,7.30261897574,1
upsid,6.60947179518,3
water,6.60947179518,3
snack,7.30261897574,1
gopdildo,7.30261897574,1
address,6.89715386764,2
coincid,6.89715386764,2
viabl,7.30261897574,1
teacher,7.30261897574,1
q4,7.30261897574,1
boy,6.60947179518,3
yemen,7.30261897574,1
insan,6.89715386764,2
gulf,6.20400668708,5
canadian,7.30261897574,1
brilliant,6.20400668708,5
shift,6.60947179518,3
rethink,7.30261897574,1
chrisamccoy,6.89715386764,2
proud,6.38632824387,4
renzi,7.30261897574,1
women,5.51085950652,11
plebe,7.30261897574,1
corp,7.30261897574,1
bob,6.20400668708,5
boe,7.30261897574,1
elect,6.60947179518,3
extra,6.60947179518,3
06earli,6.89715386764,2
santo,7.30261897574,1
1st,7.30261897574,1
aidar,7.30261897574,1
mobil,6.38632824387,4
lameget,7.30261897574,1
manufactur,6.60947179518,3
discut,7.30261897574,1
finmin,7.30261897574,1
newslett,7.30261897574,1
climat,7.30261897574,1
memori,6.89715386764,2
univers,7.30261897574,1
dude,6.60947179518,3
ayatollah,7.30261897574,1
live,5.51085950652,11
prez,7.30261897574,1
increas,5.00003388275,19
tape,6.60947179518,3
winerex,7.30261897574,1
suicid,6.89715386764,2
today,4.66356164613,27
lowmargin,7.30261897574,1
capit,5.91632461463,7
newyear,7.30261897574,1
lonsamt,7.30261897574,1
club,6.89715386764,2
peopl,4.56177895182,31
israel,7.30261897574,1
annpettifor,6.60947179518,3
clue,7.30261897574,1
visual,6.89715386764,2
endtim,6.89715386764,2
examin,6.89715386764,2
magari,7.30261897574,1
ventur,7.30261897574,1
timherrera,7.30261897574,1
eurozon,6.20400668708,5
tresci,7.30261897574,1
ibm,7.30261897574,1
car,6.38632824387,4
ibb,7.30261897574,1
cap,6.89715386764,2
judg,7.30261897574,1
focu,6.89715386764,2
cat,7.30261897574,1
fli,6.60947179518,4
mile,6.60947179518,3
hope,6.04985600725,6
cam,7.30261897574,1
renew,7.30261897574,1
social,5.69318106331,11
spx,6.60947179518,3
claim,6.89715386764,2
underestim,6.38632824387,4
favourit,7.30261897574,1
trump,5.91632461463,7
stream,6.89715386764,2
harbing,7.30261897574,1
fuck,7.30261897574,1
heard,6.89715386764,2
critic,6.20400668708,5
spl,7.30261897574,1
basonasset,7.30261897574,1
council,7.30261897574,1
agenc,6.89715386764,2
cardio,7.30261897574,1
occur,6.89715386764,2
tillvaxt,7.30261897574,1
nearli,6.60947179518,3
multipl,6.89715386764,2
winter,7.30261897574,1
tailwind,7.30261897574,1
s1,7.30261897574,1
penthous,7.30261897574,1
idiotsfirst,7.30261897574,1
nyt,7.30261897574,1
economi,5.69318106331,9
1,4.6999292903,26
alway,5.51085950652,11
rubio,6.89715386764,2
vital,6.60947179518,3
anyon,6.38632824387,5
economp,6.89715386764,2
nyc,6.89715386764,2
condemn,7.30261897574,1
idk,7.30261897574,1
stevewaygood,7.30261897574,1
grok,7.30261897574,1
mwichari,7.30261897574,1
heta,7.30261897574,1
use,4.77689033144,26
spot,6.04985600725,6
obv,6.89715386764,2
membership,7.30261897574,1
4th,7.30261897574,1
23x,7.30261897574,1
4500,6.89715386764,2
date,6.20400668708,5
polio,7.30261897574,1
suck,7.30261897574,1
data,5.51085950652,15
grow,6.38632824387,4
repeat,6.89715386764,2
man,6.04985600725,6
sy,7.30261897574,1
practic,6.89715386764,2
liquid,5.35670882669,13
gammelsvenskkolonin,7.30261897574,1
secur,6.89715386764,2
explicit,7.30261897574,1
talkingisteach,7.30261897574,1
su,7.30261897574,2
territorialcup,7.30261897574,1
q,7.30261897574,1
inform,6.60947179518,3
si,7.30261897574,1
combin,7.30261897574,1
sm,6.89715386764,2
african,7.30261897574,1
offend,7.30261897574,1
truce,7.30261897574,1
se,7.30261897574,1
outlet,7.30261897574,1
cute,7.30261897574,1
shield,6.89715386764,2
usc,7.30261897574,1
bevisa,7.30261897574,1
aea2016,6.89715386764,2
adambscott1979,7.30261897574,1
ymmv,7.30261897574,1
graduat,7.30261897574,1
every1,7.30261897574,1
pinata,7.30261897574,1
loudobbsnew,7.30261897574,1
ethic,7.30261897574,1
georgeshib,6.89715386764,2
sprinkl,7.30261897574,1
group,6.89715386764,2
monitor,6.89715386764,2
polici,5.22317743407,17
jim,6.89715386764,2
texa,6.89715386764,2
lucki,7.30261897574,1
andrewrsorkin,7.30261897574,1
jit,7.30261897574,1
suspicion,7.30261897574,1
artisan,7.30261897574,1
curli,7.30261897574,1
curiou,6.89715386764,2
mail,7.30261897574,1
nimr,6.89715386764,2
main,6.89715386764,2
prime,6.89715386764,2
non,6.89715386764,2
usa,5.35670882669,13
barron,7.30261897574,1
financi,6.04985600725,6
isabelhardman,7.30261897574,1
overcrowd,7.30261897574,1
exot,7.30261897574,1
nation,5.79854157897,8
interview,6.60947179518,3
1950,7.30261897574,1
makeamericagreatagain,7.30261897574,1
anecdot,7.30261897574,1
ppl,6.38632824387,4
bullshit,6.89715386764,2
introduct,7.30261897574,1
critiqu,7.30261897574,1
moist,7.30261897574,1
term,4.66356164613,27
workload,7.30261897574,1
creativ,6.89715386764,2
perspect,6.89715386764,2
drop,6.89715386764,2
crypto,7.30261897574,1
separ,7.30261897574,1
rundown,7.30261897574,1
januari,6.60947179518,3
confid,6.04985600725,6
em,6.89715386764,2
rd,7.30261897574,1
en,7.30261897574,1
ripartir,7.30261897574,1
scollateralmargincal,7.30261897574,1
ej,7.30261897574,1
ed,6.89715386764,2
individu,6.60947179518,3
continu,5.51085950652,11
dramat,7.30261897574,1
replay,7.30261897574,1
bernieinma,7.30261897574,1
ex,6.89715386764,2
marketurban,7.30261897574,1
eu,5.43081679884,14
et,7.30261897574,1
girl,6.60947179518,3
ep,6.89715386764,2
es,7.30261897574,1
er,7.30261897574,1
album,7.30261897574,1
riktigt,7.30261897574,1
sparticuszorro,5.79854157897,8
bullish,6.60947179518,4
space,5.22317743407,15
profit,5.91632461463,7
antoin,7.30261897574,1
deltaairlin,7.30261897574,1
gaffer,7.30261897574,1
profil,6.89715386764,2
fx,6.89715386764,2
bln,7.30261897574,1
rational,7.30261897574,1
internet,6.38632824387,4
sweet,7.30261897574,1
correct,5.79854157897,8
debra4908,7.30261897574,1
zortrad,7.30261897574,1
diseas,6.89715386764,2
1bn,7.30261897574,1
domest,7.30261897574,1
million,6.60947179518,4
argu,5.91632461463,7
lordjohnbrown,6.38632824387,4
theori,6.60947179518,3
org,7.30261897574,1
ord,7.30261897574,1
cough,7.30261897574,1
leadlag,6.89715386764,2
card,6.89715386764,2
care,6.60947179518,3
chevi,7.30261897574,1
fmanjoo,7.30261897574,1
suffici,7.30261897574,1
question,5.16255281225,16
dunno,7.30261897574,1
mohenjo,7.30261897574,1
motion,7.30261897574,2
thing,5.22317743407,15
place,6.38632824387,4
vision,7.30261897574,1
yun,6.89715386764,2
stevephenni,7.30261897574,1
512,7.30261897574,1
star,7.30261897574,1
imposs,7.30261897574,1
frequent,6.89715386764,2
lay,7.30261897574,1
carney,6.89715386764,2
mcbridetd,7.30261897574,1
och,6.60947179518,3
directli,7.30261897574,1
carri,6.89715386764,2
onc,6.89715386764,2
sovereign,7.30261897574,1
opec,6.89715386764,2
spanish,7.30261897574,1
oppos,7.30261897574,1
bobcat,7.30261897574,1
15bn,7.30261897574,1
happi,5.79854157897,8
open,6.60947179518,3
tomorrow,7.30261897574,1
size,5.51085950652,11
fmri,7.30261897574,1
given,7.30261897574,1
jamesnorth7,7.30261897574,1
sheet,6.20400668708,6
christma,6.89715386764,2
district,7.30261897574,1
gif,7.30261897574,1
bite,7.30261897574,1
summari,7.30261897574,1
clenow,7.30261897574,1
ukr,7.30261897574,1
citi,5.91632461463,7
beforelin,6.89715386764,2
avivlist,7.30261897574,1
averag,5.59787088351,14
reinvigor,7.30261897574,1
white,4.2821940896,40
circa,7.30261897574,1
cite,7.30261897574,1
friend,6.38632824387,4
aeiecon,6.89715386764,2
recess,6.20400668708,5
niftyplay,6.89715386764,2
hillari,6.89715386764,2
hug,7.30261897574,1
prespinoff,7.30261897574,1
spiral,7.30261897574,1
especi,7.30261897574,1
meml,6.89715386764,2
copi,6.89715386764,2
montenegro,7.30261897574,1
pnt,6.89715386764,2
ua682,7.30261897574,1
reaganjohn,7.30261897574,1
shock,6.20400668708,5
visibl,7.30261897574,1
antic,7.30261897574,1
abstrct,6.60947179518,3
domin,6.60947179518,3
streitapfel,7.30261897574,1
200wma,7.30261897574,1
greenberg,7.30261897574,1
princip,7.30261897574,1
11,6.04985600725,6
10,5.79854157897,8
13,6.60947179518,3
12,6.89715386764,2
15,5.79854157897,8
14,7.30261897574,1
17,7.30261897574,1
16,6.89715386764,3
18,7.30261897574,1
usd,6.20400668708,5
ruthdavidsonmsp,7.30261897574,1
r,6.89715386764,2
failnaut,6.89715386764,2
balanc,5.91632461463,7
alankrueg,7.30261897574,1
posit,5.43081679884,13
mickpeel,6.89715386764,2
bricksiz,7.30261897574,1
spugna,7.30261897574,1
russia,6.04985600725,6
seri,6.38632824387,4
prospect,6.60947179518,3
lowest,7.30261897574,1
bancario,7.30261897574,1
rene,6.89715386764,2
influenti,7.30261897574,1
angel,7.30261897574,1
moratoria,7.30261897574,1
vfc,7.30261897574,1
ann,7.30261897574,1
gtgtgtred,7.30261897574,1
ani,4.73766961828,26
prepararsi,7.30261897574,1
blackwhit,7.30261897574,1
alimhaid,7.30261897574,1
anger,7.30261897574,1
saw,6.60947179518,3
bosoci,7.30261897574,1
coach,7.30261897574,1
implod,7.30261897574,1
engin,6.89715386764,2
nonterm,7.30261897574,1
advic,6.89715386764,2
someotheralex,7.30261897574,1
veteran,6.60947179518,3
retroact,7.30261897574,1
note,6.38632824387,4
omnipres,7.30261897574,1
ideal,6.89715386764,2
newshour,7.30261897574,1
advis,6.89715386764,2
wexler,7.30261897574,1
destroy,6.89715386764,2
applesorang,7.30261897574,1
noth,6.38632824387,4
channel,5.51085950652,11
200,6.60947179518,3
begin,5.79854157897,8
sure,5.91632461463,8
pain,6.60947179518,3
normal,6.89715386764,2
track,6.89715386764,2
iwm,7.30261897574,1
compress,6.38632824387,4
paid,6.89715386764,2
beta,7.30261897574,1
abus,6.89715386764,2
clusterfuck,7.30261897574,1
america,5.91632461463,7
washpost,6.89715386764,2
truffl,7.30261897574,1
whitesredsgreensbluesgold,7.30261897574,1
rescu,6.89715386764,2
stocktwitt,7.30261897574,1
egg,6.89715386764,2
connectceo,7.30261897574,1
drive,6.60947179518,3
order,6.04985600725,7
slovensko,6.89715386764,2
tweet,5.79854157897,8
wind,6.89715386764,2
redan,7.30261897574,1
msurd,7.30261897574,1
ccguid,7.30261897574,1
steadi,7.30261897574,1
translat,6.89715386764,2
shop,6.60947179518,3
shot,6.89715386764,2
taleb,6.89715386764,2
uncondit,7.30261897574,1
german,6.60947179518,3
planetpi,7.30261897574,1
cheap,6.60947179518,3
moi,7.30261897574,1
shoe,7.30261897574,1
spacex,6.89715386764,2
corner,7.30261897574,1
corpper,7.30261897574,1
tend,7.30261897574,1
raju,7.30261897574,1
line,5.91632461463,7
christmoran12,7.30261897574,1
ground,6.89715386764,2
aint,7.30261897574,1
itun,7.30261897574,1
slow,7.30261897574,1
ratio,6.89715386764,2
fr24flight,7.30261897574,1
treasuri,6.60947179518,3
dici,7.30261897574,1
transact,6.89715386764,2
activ,6.89715386764,2
estat,6.89715386764,2
crime,6.60947179518,3
robo,6.89715386764,2
black,5.91632461463,7
analyz,7.30261897574,1
tipaft,7.30261897574,1
volatil,5.05132717714,20
analyt,6.89715386764,2
manmad,7.30261897574,1
sistani,7.30261897574,1
ser,7.30261897574,1
mozem,7.30261897574,1
websit,6.38632824387,4
muni,7.30261897574,1
variou,7.30261897574,1
year,3.88489229213,61
festoon,7.30261897574,1
state,5.79854157897,8
postchain,7.30261897574,1
komeito,7.30261897574,1
gee,7.30261897574,1
import,5.79854157897,9
kleixa,7.30261897574,1
armslength,7.30261897574,1
ssa,7.30261897574,1
stroll,7.30261897574,1
perus,7.30261897574,1
mumbl,7.30261897574,3
ashutosh,7.30261897574,1
prima,7.30261897574,1
artist,7.30261897574,1
outperform,6.89715386764,2
seldom,7.30261897574,1
borrow,6.20400668708,5
yield,5.69318106331,9
daccordo,7.30261897574,1
stupid,7.30261897574,1
moor,7.30261897574,1
spaniard,7.30261897574,1
peertop,7.30261897574,1
absurdli,7.30261897574,1
godsmigrain,7.30261897574,1
user,6.89715386764,2
researchpuzzl,7.30261897574,1
mazzucatom,7.30261897574,1
burst,7.30261897574,1
seat,6.38632824387,4
southpawsling,7.30261897574,1
sean,7.30261897574,1
oditorium,6.89715386764,2
scalia,7.30261897574,1
reserv,5.79854157897,9
bcorpuk,7.30261897574,1
sport,6.60947179518,3
wfree,7.30261897574,1
496,7.30261897574,1
concern,7.30261897574,1
3476,7.30261897574,1
televis,7.30261897574,1
overdon,7.30261897574,1
innov,6.04985600725,6
review,6.38632824387,4
telegraph,7.30261897574,1
wsquared58,7.30261897574,1
forecast,6.20400668708,5
3,5.43081679884,12
edwardleodavey,7.30261897574,1
wayn,7.30261897574,1
dynamicsin,7.30261897574,1
nbc,6.89715386764,2
screen,7.30261897574,1
caucus,7.30261897574,1
ought,7.30261897574,1
august,7.30261897574,1
parent,7.30261897574,1
catbond,7.30261897574,1
marvin,7.30261897574,1
acheiv,7.30261897574,1
larrykudlowshow,6.89715386764,2
style,7.30261897574,1
blame,6.89715386764,2
cycl,6.04985600725,6
2ndadopt,6.89715386764,2
mustread,7.30261897574,1
comm,7.30261897574,1
7026,7.30261897574,1
politik,7.30261897574,1
lesdoggg,7.30261897574,1
je,7.30261897574,1
ajitpaifcc,7.30261897574,1
measl,7.30261897574,1
come,5.22317743407,15
jb,7.30261897574,1
illiquid,6.89715386764,2
reaction,7.30261897574,1
libya,6.89715386764,3
understandtrump,7.30261897574,1
twittervers,7.30261897574,1
bodega,6.89715386764,2
contract,6.89715386764,2
audienc,7.30261897574,1
entir,6.20400668708,5
velmi,7.30261897574,1
chatti,7.30261897574,1
improv,7.30261897574,1
share,5.69318106331,9
pmarca,6.38632824387,4
pakistan,5.43081679884,12
acceler,6.60947179518,3
cancer,7.30261897574,1
seneca,7.30261897574,1
color,7.30261897574,1
kfinvestaaampnet,7.30261897574,1
hiltonholloway,7.30261897574,1
period,6.38632824387,4
pop,7.30261897574,1
mccain,7.30261897574,1
60,5.10539439841,17
62,7.30261897574,1
allday,7.30261897574,1
colon,7.30261897574,1
alli,6.89715386764,2
67,7.30261897574,1
freak,7.30261897574,1
extinct,6.89715386764,2
poll,7.30261897574,1
yitechang,7.30261897574,1
taxpay,7.30261897574,1
poli,7.30261897574,1
damag,7.30261897574,1
wermacht,7.30261897574,1
save,5.79854157897,8
ultim,7.30261897574,1
seiz,7.30261897574,1
coupl,6.60947179518,3
janewellsnbcunicom,7.30261897574,1
shannara,7.30261897574,1
west,7.30261897574,1
invert,7.30261897574,1
invers,7.30261897574,1
bolag,7.30261897574,1
mark,6.89715386764,2
riskbut,7.30261897574,1
wonderflmachin,7.30261897574,1
ralli,6.89715386764,2
saudil,7.30261897574,1
wapo,7.30261897574,1
tyga,7.30261897574,1
industria,7.30261897574,1
voladjust,7.30261897574,1
rubl,7.30261897574,1
wld,7.30261897574,1
resolut,6.89715386764,2
tribedo,7.30261897574,1
gaqp,7.30261897574,1
wake,7.30261897574,1
alderlaneegg,6.89715386764,2
botgl,6.60947179518,3
wilco,7.30261897574,1
yugoslav,7.30261897574,1
argentina,7.30261897574,1
standard,6.89715386764,2
markjperri,6.89715386764,2
case,5.79854157897,8
slipperi,7.30261897574,1
reporterproduc,7.30261897574,1
hdp,7.30261897574,1
ifrs9,7.30261897574,1
naacp,7.30261897574,1
wealthiest,7.30261897574,1
iaget,6.89715386764,2
cash,5.51085950652,11
imperi,7.30261897574,1
trick,6.89715386764,2
cast,7.30261897574,1
gingl,7.30261897574,1
wclass,7.30261897574,1
cass,7.30261897574,1
scum,7.30261897574,1
nassim,6.89715386764,2
margin,5.79854157897,8
region,7.30261897574,1
hastag,7.30261897574,1
lundi,7.30261897574,1
philipaklein,6.89715386764,2
ive,6.20400668708,5
erad,7.30261897574,1
sdmegamarket,7.30261897574,1
advantag,6.89715386764,2
ronrosenbaum1,7.30261897574,1
metric,6.89715386764,2
convinc,7.30261897574,1
worri,5.79854157897,8
gloriou,7.30261897574,1
cluster,7.30261897574,1
scarier,7.30261897574,1
chateauemissari,7.30261897574,1
outrag,6.89715386764,2
kenya,7.30261897574,1
pursu,7.30261897574,1
veroderugi,6.89715386764,2
par,7.30261897574,1
develop,6.04985600725,6
author,7.30261897574,1
end2014,7.30261897574,1
bowl,7.30261897574,1
econom,6.04985600725,6
trip,7.30261897574,1
food,6.38632824387,4
pac,7.30261897574,1
speech,6.89715386764,2
halsrethink,7.30261897574,1
document,7.30261897574,1
essayist,7.30261897574,1
breakdown,7.30261897574,1
finish,6.89715386764,2
screenshot,7.30261897574,1
englishlanguag,7.30261897574,1
ye,5.35670882669,13
assist,7.30261897574,1
driver,6.89715386764,2
someon,6.20400668708,5
driven,7.30261897574,1
mani,5.22317743407,15
halfblood,7.30261897574,1
defi,6.89715386764,2
thrown,6.89715386764,2
applaus,6.89715386764,2
juliennoizet,6.89715386764,2
ukrain,6.60947179518,3
ngf,7.30261897574,1
moder,7.30261897574,1
snow,6.89715386764,2
charger,7.30261897574,1
sampp500,6.60947179518,3
floor,7.30261897574,1
quicki,7.30261897574,1
remain,6.20400668708,5
justifi,6.60947179518,3
rimetter,7.30261897574,1
toy,7.30261897574,1
model,6.04985600725,6
workplac,6.60947179518,3
roughli,6.89715386764,2
gdp,6.89715386764,2
trust,6.89715386764,2
outdoor,7.30261897574,1
abund,7.30261897574,1
execut,4.66356164613,27
gdx,7.30261897574,1
money,5.79854157897,9
harrison,7.30261897574,1
financii,7.30261897574,1
knot,7.30261897574,1
rest,6.89715386764,2
weekli,6.60947179518,3
kill,5.69318106331,9
aspect,7.30261897574,1
touch,6.60947179518,3
10newskeogh,7.30261897574,1
concentr,7.30261897574,1
polar,6.89715386764,2
death,6.38632824387,4
europ,7.30261897574,1
subprim,6.89715386764,2
feminist,7.30261897574,1
trigger,7.30261897574,1
nich,7.30261897574,1
littl,6.20400668708,5
desktop,7.30261897574,1
blog,5.69318106331,9
rtcom,7.30261897574,1
perth,7.30261897574,1
4,5.43081679884,12
exercis,5.69318106331,9
rafat,6.89715386764,2
forslag,7.30261897574,1
momentum,6.20400668708,5
duncanrobinson,7.30261897574,1
earli,5.79854157897,8
arent,6.89715386764,2
frown,7.30261897574,1
hypothesi,7.30261897574,1
nypost,7.30261897574,1
read,4.66356164613,27
delhi,7.30261897574,1
ladi,7.30261897574,1
mot,7.30261897574,1
downtrend,7.30261897574,1
ianaustinmp,7.30261897574,1
daro,7.30261897574,1
amp,3.73308627926,75
snare,6.38632824387,4
brantonbit,7.30261897574,1
rochdal,6.89715386764,2
threaten,7.30261897574,1
dare,6.89715386764,2
divorc,7.30261897574,2
exagger,7.30261897574,1
joshfg,7.30261897574,1
intel,7.30261897574,1
stranger,7.30261897574,1
tunisia,7.30261897574,1
roboadvisor,7.30261897574,1
kbio,7.30261897574,1
exploit,7.30261897574,1
peterwhoriskey,7.30261897574,1
benefit,6.89715386764,2
maker,7.30261897574,1
ytligt,7.30261897574,1
output,7.30261897574,1
downward,7.30261897574,1
manag,5.59787088351,11
fulfil,7.30261897574,1
weve,6.89715386764,2
cabl,6.60947179518,4
doll,7.30261897574,1
nikkei,7.30261897574,1
interspac,7.30261897574,1
meetthepress,7.30261897574,1
kltblom,7.30261897574,1
dole,7.30261897574,1
realdonaldtrump,7.30261897574,1
wield,7.30261897574,1
sheanineseven,7.30261897574,1
9908,7.30261897574,1
sen,7.30261897574,1
racial,6.60947179518,3
intact,7.30261897574,1
constitut,6.89715386764,2
pod,7.30261897574,1
freez,7.30261897574,1
squirm,7.30261897574,1
wizz,7.30261897574,1
lotta,7.30261897574,1
highest,6.89715386764,2
lend,7.30261897574,1
definit,7.30261897574,1
dudley,6.20400668708,5
legal,6.89715386764,2
gvz,7.30261897574,1
vincentgeloso,7.30261897574,1
expandcompress,7.30261897574,1
evolv,7.30261897574,1
deficit,5.35670882669,13
23rd,7.30261897574,1
911,6.89715386764,2
gvt,7.30261897574,1
refer,6.89715386764,3
wheat,7.30261897574,1
power,6.04985600725,6
quit,5.79854157897,8
timeseri,7.30261897574,1
ration,6.89715386764,2
1933,7.30261897574,1
1932,7.30261897574,1
leadership,6.89715386764,2
standpoint,7.30261897574,1
thailand,7.30261897574,1
shutterstock,7.30261897574,1
throw,7.30261897574,1
regalmovi,7.30261897574,1
shortest,6.89715386764,2
deflat,6.89715386764,2
payton,7.30261897574,1
central,6.38632824387,4
greatli,7.30261897574,1
ace,7.30261897574,1
contagion,7.30261897574,1
kimblechart,7.30261897574,1
ptr,7.30261897574,1
degre,7.30261897574,1
journey,7.30261897574,1
wolf,7.30261897574,1
stand,7.30261897574,1
grovernorquist,7.30261897574,1
act,6.89715386764,2
industri,4.73766961828,25
luck,7.30261897574,1
os,7.30261897574,1
skew,7.30261897574,1
road,6.38632824387,4
op,6.89715386764,2
tribe,7.30261897574,1
outlook,6.20400668708,5
effici,6.60947179518,3
forprofit,7.30261897574,1
prohibit,7.30261897574,1
coupon,7.30261897574,1
afrovii,7.30261897574,1
400bp,7.30261897574,1
odd,7.30261897574,1
craveonlin,7.30261897574,1
conventionwhich,6.89715386764,2
legger,7.30261897574,1
pivot,7.30261897574,1
fludd,7.30261897574,1
airlin,6.89715386764,2
crowdturtl,6.89715386764,2
stare,7.30261897574,1
communityhowev,7.30261897574,1
complianc,7.30261897574,1
area,6.38632824387,4
jimwaterson,7.30261897574,1
hey,6.60947179518,3
lol,6.60947179518,3
hed,7.30261897574,1
start,5.69318106331,9
fascin,6.20400668708,5
mindless,7.30261897574,1
interfac,7.30261897574,1
low,5.43081679884,13
lot,5.22317743407,18
worst,6.38632824387,4
hen,7.30261897574,1
loy,7.30261897574,1
heh,7.30261897574,1
media,5.79854157897,9
timelin,7.30261897574,1
younger,7.30261897574,1
kotok,6.89715386764,2
wahhab,7.30261897574,1
facefac,7.30261897574,1
podcast,6.60947179518,3
faster,7.30261897574,1
pull,6.60947179518,3
hire,6.89715386764,2
fraud,7.30261897574,1
dominican,7.30261897574,1
possibl,7.30261897574,1
default,7.30261897574,1
rydex,7.30261897574,1
necessarili,7.30261897574,1
unusu,7.30261897574,1
mvpthedud,7.30261897574,1
monopoli,7.30261897574,1
bigideas2016,7.30261897574,1
gone,7.30261897574,1
ab,7.30261897574,1
ad,6.04985600725,6
elzarto,7.30261897574,1
ai,6.89715386764,2
pole,7.30261897574,1
revenu,6.89715386764,2
censor,7.30261897574,1
cbo,7.30261897574,1
deep,7.30261897574,1
fellow,7.30261897574,1
aq,7.30261897574,1
britain,6.38632824387,4
au,7.30261897574,1
file,7.30261897574,1
cultur,6.04985600725,6
film,6.04985600725,6
cream,7.30261897574,1
abyss,7.30261897574,2
spakkal,7.30261897574,1
yoga,7.30261897574,1
googl,6.38632824387,4
puppi,6.89715386764,2
orient,6.60947179518,3
graeber,7.30261897574,1
atranscott,7.30261897574,1
valid,7.30261897574,1
compet,6.89715386764,2
lifeansw,7.30261897574,1
17thstcap,6.89715386764,2
ny,7.30261897574,1
poor,6.38632824387,4
maprel,7.30261897574,1
otc,6.89715386764,2
genuin,7.30261897574,1
zakladn,7.30261897574,1
congress,6.89715386764,2
annex,7.30261897574,1
shelter,6.89715386764,2
assa2016,6.20400668708,5
recent,5.91632461463,7
peak,6.38632824387,4
pbreit,7.30261897574,1
pool,7.30261897574,1
retrac,7.30261897574,1
fiscal,6.04985600725,6
max,6.38632824387,4
studio,6.89715386764,2
escal,6.89715386764,2
river,7.30261897574,1
invest,5.43081679884,12
12month,6.89715386764,2
groom,7.30261897574,1
homicid,6.89715386764,2
u,6.20400668708,5
hoaglandfor,7.30261897574,1
castl,7.30261897574,1
smv,7.30261897574,1
partner,5.35670882669,13
invoic,6.89715386764,2
bmw,7.30261897574,1
liar,7.30261897574,1
founder,7.30261897574,1
ali,7.30261897574,1
messi,7.30261897574,1
h12016,7.30261897574,1
ale,7.30261897574,1
dollar,6.60947179518,3
lendingtre,7.30261897574,1
month,6.38632824387,4
ador,7.30261897574,1
cullenroch,7.30261897574,1
abil,7.30261897574,1
cameron,7.30261897574,1
follow,6.20400668708,5
research,6.20400668708,5
children,7.30261897574,1
serviceman,7.30261897574,1
bubbl,6.20400668708,5
tx,7.30261897574,1
tv,6.20400668708,6
lukelea,7.30261897574,1
prepar,7.30261897574,1
thursday,7.30261897574,1
articl,5.00003388275,19
tail,7.30261897574,1
foster,7.30261897574,1
queri,7.30261897574,1
smile,7.30261897574,1
td,7.30261897574,1
introduc,6.89715386764,2
mandela,7.30261897574,1
sound,6.60947179518,3
yr,6.04985600725,6
celebr,7.30261897574,1
diari,7.30261897574,1
fals,6.60947179518,3
reader,5.35670882669,13
10month,7.30261897574,1
fat,6.89715386764,2
hebdolasemain,7.30261897574,1
schultestef,6.60947179518,3
fan,6.20400668708,5
hewlett,6.89715386764,2
fall,6.20400668708,5
veri,4.90472370295,21
thesi,6.89715386764,2
tanstafl,7.30261897574,1
ticker,7.30261897574,1
strang,7.30261897574,1
strand,7.30261897574,1
mjhawley,7.30261897574,1
spectat,7.30261897574,1
underperform,7.30261897574,1
manolodiaz,7.30261897574,1
gov,6.89715386764,2
alma,6.89715386764,2
harri,7.30261897574,1
shanio,6.89715386764,2
wsj,6.60947179518,3
list,5.35670882669,13
dinosaur,6.60947179518,3
sand,7.30261897574,1
adjust,6.89715386764,2
repurchas,7.30261897574,1
saudi,4.62847032632,28
small,5.59787088351,11
tear,7.30261897574,1
wgz,7.30261897574,1
20th,7.30261897574,1
firefight,7.30261897574,1
flick,7.30261897574,1
rideshar,7.30261897574,1
tel,7.30261897574,1
ga,6.89715386764,2
hitta,7.30261897574,1
ukrainian,6.89715386764,2
klarman,6.89715386764,2
ted,7.30261897574,1
lack,6.89715386764,2
sekretarzxxl,7.30261897574,1
past,6.38632824387,4
biolog,7.30261897574,1
pressur,7.30261897574,1
design,6.60947179518,4
recaptur,7.30261897574,1
lawyer,7.30261897574,1
pass,6.60947179518,3
500k,7.30261897574,1
proxi,6.38632824387,4
excit,7.30261897574,1
scupper,7.30261897574,1
sub,7.30261897574,1
richard,6.60947179518,3
stalin,7.30261897574,1
sun,6.38632824387,4
marketwatch,7.30261897574,1
abl,6.60947179518,3
onli,4.86027194038,23
crush,6.89715386764,2
jedi,6.38632824387,4
unodominu,7.30261897574,1
clocktow,7.30261897574,1
consecut,6.89715386764,2
attentatsdu,7.30261897574,1
nightmar,7.30261897574,1
movement,6.89715386764,2
5000,7.30261897574,1
iran,5.79854157897,8
sophi,7.30261897574,1
taxi,7.30261897574,1
youd,7.30261897574,1
zetzero,7.30261897574,1
decid,6.89715386764,2
behaviour,7.30261897574,1
middl,6.20400668708,5
free,5.35670882669,13
excess,6.89715386764,3
grape,7.30261897574,1
johnshankman,7.30261897574,1
iraq,6.60947179518,3
dramatist,7.30261897574,1
backlash,7.30261897574,1
tarbabi,7.30261897574,1
notifi,7.30261897574,1
search,6.60947179518,3
ahead,6.89715386764,2
miseri,7.30261897574,1
collater,7.30261897574,1
observ,6.60947179518,3
prior,6.60947179518,3
airport,6.60947179518,3
healthier,7.30261897574,1
americanair,7.30261897574,1
pick,6.20400668708,5
newsobserv,7.30261897574,1
rmd,7.30261897574,1
believ,5.69318106331,9
ramadi,7.30261897574,1
wroclaw,6.89715386764,2
macromicro,7.30261897574,1
wizard,7.30261897574,1
poroshenko,6.89715386764,2
declin,6.89715386764,2
lawrenc,6.89715386764,2
africa,6.38632824387,4
postgi,7.30261897574,1
overfit,7.30261897574,1
famili,6.38632824387,4
nimralnimr,6.89715386764,2
suddenli,7.30261897574,1
jbullock85,7.30261897574,1
vix,6.38632824387,5
1903,7.30261897574,1
select,6.89715386764,2
horrid,7.30261897574,1
javierblas2,7.30261897574,1
voter,6.60947179518,3
eye,6.89715386764,2
proceed,6.89715386764,2
simpli,7.30261897574,1
warship,7.30261897574,1
distinct,7.30261897574,1
postpari,7.30261897574,1
thisismoney,7.30261897574,1
morn,6.20400668708,5
stevekovach,7.30261897574,1
6,6.04985600725,8
taken,6.38632824387,4
twx,7.30261897574,1
spi,5.91632461463,7
minor,6.38632824387,4
flat,7.30261897574,1
barronsasia,7.30261897574,1
sizehigh,7.30261897574,1
freelanc,7.30261897574,1
hedgefund,6.89715386764,2
preciou,7.30261897574,1
putin,6.60947179518,3
site,6.38632824387,4
flag,5.59787088351,10
nomad,7.30261897574,1
stick,7.30261897574,1
20000,7.30261897574,1
known,7.30261897574,1
developmenteconom,7.30261897574,1
benihana,7.30261897574,1
vo,7.30261897574,1
woman,6.89715386764,2
glad,7.30261897574,1
yahoofin,6.89715386764,2
dictat,7.30261897574,1
puzzl,6.89715386764,2
hour,6.89715386764,2
hous,4.66356164613,28
det,7.30261897574,1
vr,7.30261897574,1
histori,6.04985600725,6
imanafrican,7.30261897574,1
angielsku,7.30261897574,1
dem,7.30261897574,1
learn,6.04985600725,6
abandon,6.04985600725,6
vt,7.30261897574,2
male,7.30261897574,1
def,7.30261897574,1
nysemacdesk,7.30261897574,1
samantar,7.30261897574,1
prompt,7.30261897574,1
bogu,7.30261897574,1
transparencythey,7.30261897574,1
challeng,5.91632461463,7
netnet,7.30261897574,1
fiddl,7.30261897574,2
lrb,7.30261897574,1
explor,7.30261897574,1
explos,7.30261897574,1
libertarian,7.30261897574,2
scar,7.30261897574,1
debatedpass,7.30261897574,1
nopublicduti,7.30261897574,1
18335,7.30261897574,1
huge,5.43081679884,12
cours,5.69318106331,10
goal,6.89715386764,2
divid,6.89715386764,2
stif,7.30261897574,1
anoth,5.35670882669,13
comfort,6.89715386764,2
environ,7.30261897574,1
snippet,6.89715386764,2
heck,7.30261897574,1
147x,7.30261897574,1
buzzword,7.30261897574,1
joecortright,7.30261897574,1
goat,6.60947179518,3
minefornoth,7.30261897574,1
crowdfund,7.30261897574,1
fr,7.30261897574,1
quora,6.89715386764,2
ft,5.91632461463,7
w,5.2877159552,14
rude,7.30261897574,1
atabarrok,7.30261897574,1
minimum,7.30261897574,1
rivkin,6.89715386764,2
reflect,6.89715386764,2
terrorist,7.30261897574,1
qqq,7.30261897574,1
blood,7.30261897574,1
terri,7.30261897574,1
sistema,7.30261897574,1
inquiri,6.89715386764,2
deserttrader21,7.30261897574,1
associ,6.89715386764,2
fm,7.30261897574,1
stabil,6.60947179518,3
short,3.88489229213,63
coax,7.30261897574,1
orchard,7.30261897574,1
adweek,7.30261897574,1
jihadist,7.30261897574,1
v,6.89715386764,2
seco,7.30261897574,1
caus,6.89715386764,2
rickygervai,7.30261897574,1
laurababcock,7.30261897574,1
wti,6.89715386764,2
bowi,7.30261897574,1
volum,6.04985600725,6
dream,6.60947179518,3
redsblu,7.30261897574,1
embassi,5.79854157897,8
help,5.59787088351,10
flaggchri,7.30261897574,1
john,6.60947179518,3
ldrogen,7.30261897574,1
soon,6.89715386764,2
brit,7.30261897574,1
held,6.89715386764,2
isnt,6.04985600725,6
paper,5.91632461463,7
scott,7.30261897574,1
hell,7.30261897574,1
clarinet,7.30261897574,1
suffer,7.30261897574,1
stk,7.30261897574,2
islam,7.30261897574,1
25,6.60947179518,3
26,6.60947179518,3
27,6.89715386764,2
20,6.20400668708,5
21,6.89715386764,2
23,6.89715386764,2
unconstitut,7.30261897574,1
unsmilibya,7.30261897574,1
29,7.30261897574,1
abbey,6.89715386764,2
wipe,7.30261897574,1
late,6.20400668708,5
harmless,7.30261897574,1
rapidli,6.89715386764,2
delici,7.30261897574,1
team,5.79854157897,8
34yearold,7.30261897574,1
alter,7.30261897574,1
lookout,7.30261897574,1
good,4.59456877464,30
return,6.04985600725,6
ceo,6.89715386764,2
sentenc,6.89715386764,2
pollut,7.30261897574,1
hunter,7.30261897574,1
wast,7.30261897574,1
adrianalsswift,7.30261897574,1
paulg,6.60947179518,3
toiletri,7.30261897574,1
compound,7.30261897574,1
foot,7.30261897574,1
millenni,6.89715386764,2
adventur,7.30261897574,1
bigger,5.91632461463,7
jackshaf,6.60947179518,3
feet,7.30261897574,1
eventu,7.30261897574,1
marykcunningham,6.89715386764,2
unlik,7.30261897574,1
authent,7.30261897574,1
modeledbehavior,7.30261897574,1
bless,6.89715386764,2
eleanor,7.30261897574,1
achiev,7.30261897574,1
2l,7.30261897574,1
antholog,7.30261897574,1
ifi,6.38632824387,4
mater,6.89715386764,2
valuat,5.79854157897,8
trdni,7.30261897574,1
week,5.59787088351,11
harm,7.30261897574,1
bettter,7.30261897574,1
weight,7.30261897574,1
needless,7.30261897574,1
petergub,7.30261897574,1
fish,7.30261897574,1
hard,6.04985600725,6
idea,5.59787088351,10
terrifi,7.30261897574,1
democrat,6.89715386764,2
heavi,7.30261897574,1
oil,4.30688670219,40
expect,5.59787088351,10
todd,7.30261897574,1
triag,7.30261897574,1
energi,5.79854157897,9
win,5.2877159552,15
event,6.04985600725,6
flower,7.30261897574,1
creditor,6.89715386764,2
suprem,6.60947179518,3
lold,7.30261897574,1
statut,7.30261897574,1
publish,6.20400668708,7
princ,7.30261897574,1
energiewend,7.30261897574,1
promo,7.30261897574,1
awealthofc,6.89715386764,2
7,6.38632824387,4
sebou,7.30261897574,1
print,5.43081679884,12
32711g,7.30261897574,1
subway,7.30261897574,1
ass,7.30261897574,1
difficulti,7.30261897574,1
qualifi,6.89715386764,2
postgr,6.20400668708,5
solvent,7.30261897574,1
bass,6.89715386764,2
advanc,7.30261897574,1
friday,7.30261897574,1
guess,6.04985600725,6
pub,7.30261897574,1
lobbi,7.30261897574,1
pleasant,7.30261897574,1
renationalis,7.30261897574,1
reason,5.79854157897,8
base,5.91632461463,7
disneyland,7.30261897574,1
dire,7.30261897574,1
ask,4.02547424275,53
guy,5.91632461463,7
wall,7.30261897574,2
basi,5.79854157897,8
clusterstock,7.30261897574,1
director,6.89715386764,2
resistancesupport,7.30261897574,1
thread,7.30261897574,1
launch,6.60947179518,3
struggl,7.30261897574,1
american,5.79854157897,8
perman,6.89715386764,2
threat,6.89715386764,2
syria,6.60947179518,3
douglascarswel,7.30261897574,1
fallen,7.30261897574,1
feed,6.89715386764,2
intimid,7.30261897574,1
major,6.60947179518,3
dont,4.56177895182,30
obviou,6.60947179518,3
upper,7.30261897574,1
feel,5.79854157897,8
exchang,6.04985600725,6
schubert,7.30261897574,1
nondickish,7.30261897574,1
number,6.60947179518,3
evolut,6.60947179518,3
1876,6.60947179518,3
1875,6.38632824387,4
perhap,7.30261897574,1
rfatani,7.30261897574,1
verejnych,7.30261897574,1
kippa,7.30261897574,1
cisel,7.30261897574,1
differ,5.51085950652,11
restor,6.89715386764,2
guest,7.30261897574,1
interact,7.30261897574,1
20172018,7.30261897574,1
chsommer,7.30261897574,1
stori,5.79854157897,8
construct,7.30261897574,1
doomsday,7.30261897574,1
paint,7.30261897574,1
2fa,7.30261897574,1
station,6.60947179518,3
onesheet,7.30261897574,1
statement,6.60947179518,3
shareholdersexpect,7.30261897574,1
secretsofadulthood,7.30261897574,1
ton,7.30261897574,1
275x,7.30261897574,1
zeror,7.30261897574,1
adhes,7.30261897574,1
option,6.20400668708,5
relationship,6.38632824387,4
iberico,7.30261897574,1
hiltonhotel,7.30261897574,1
park,7.30261897574,1
oversuppli,7.30261897574,1
strateg,7.30261897574,1
word,5.91632461463,8
consult,6.89715386764,2
sold,6.60947179518,3
theater,7.30261897574,1
shld,6.89715386764,2
1916,6.89715386764,2
exposur,7.30261897574,1
kind,6.89715386764,2
b,6.20400668708,5
rebound,6.89715386764,2
iranian,7.30261897574,1
remot,7.30261897574,1
remov,5.43081679884,12
pejor,7.30261897574,1
18m,7.30261897574,1
weddl,7.30261897574,1
noxiou,7.30261897574,1
bridg,7.30261897574,1
2020,7.30261897574,1
store,6.60947179518,4
dani,7.30261897574,1
macro,6.89715386764,2
justic,7.30261897574,1
stale,7.30261897574,1
typic,6.89715386764,2
builder,7.30261897574,1
dana,7.30261897574,1
outta,7.30261897574,1
thomasewood,7.30261897574,1
atmospher,7.30261897574,1
igor,7.30261897574,1
strengthen,6.60947179518,3
noahpinion,7.30261897574,1
1b,7.30261897574,1
antarctica,7.30261897574,1
nonbank,7.30261897574,1
fheisbourg,7.30261897574,1
reinhart,7.30261897574,1
parodi,6.89715386764,2
liveri,7.30261897574,1
rok,6.89715386764,2
imagin,7.30261897574,1
wilson,6.89715386764,2
unintend,7.30261897574,1
equival,6.89715386764,2
commentari,6.89715386764,2
self,6.89715386764,2
barma,7.30261897574,1
port,7.30261897574,2
gt1000,7.30261897574,1
itcybersakerhet,7.30261897574,1
norwegian,7.30261897574,1
labour,6.04985600725,6
build,6.60947179518,3
efa,7.30261897574,1
stocktwit,7.30261897574,1
rate,5.79854157897,8
coryvernon,7.30261897574,1
miriamcos,7.30261897574,1
naturalga,7.30261897574,1
hotel,7.30261897574,1
distribut,6.38632824387,4
exec,6.89715386764,2
indecis,7.30261897574,1
bgshell,7.30261897574,1
darth,7.30261897574,1
chart,4.35817999658,38
took,6.38632824387,4
senza,7.30261897574,1
brooklyn,7.30261897574,1
patchett,7.30261897574,1
charm,7.30261897574,1
charl,7.30261897574,1
vnq,7.30261897574,1
alpha,6.89715386764,2
muaddi,7.30261897574,1
wisdom,7.30261897574,1
charg,7.30261897574,1
amaz,7.30261897574,1
codeamp,7.30261897574,1
clear,6.04985600725,6
cover,6.38632824387,4
undermin,7.30261897574,1
mickimaynard,7.30261897574,1
ext,7.30261897574,1
repli,7.30261897574,1
thank,4.95124371858,20
weigh,7.30261897574,1
latest,6.89715386764,2
microsoft,7.30261897574,1
sector,5.2877159552,14
premahmoudabba,7.30261897574,1
commerc,7.30261897574,1
golf,7.30261897574,1
ridicul,7.30261897574,1
gold,5.91632461463,9
sparrow,7.30261897574,1
industrytv,7.30261897574,1
sheik,6.89715386764,2
vantag,7.30261897574,1
particularli,7.30261897574,1
seanhackbarth,7.30261897574,1
jyarow,7.30261897574,1
violenc,6.89715386764,2
impact,6.89715386764,2
pe,6.89715386764,4
giant,6.89715386764,2
warcapit,7.30261897574,1
pretti,6.60947179518,3
equiti,5.79854157897,8
merger,7.30261897574,1
ruin,6.60947179518,3
writer,7.30261897574,1
paranoia,6.89715386764,2
laurajkel,6.20400668708,5
organizzar,7.30261897574,1
zverejnenych,7.30261897574,1
kenfaulkenberri,7.30261897574,1
gameofthron,7.30261897574,1
condol,7.30261897574,1
8,6.89715386764,2
offchain,7.30261897574,2
bernstein,6.60947179518,3
jlyonsfundmgmt,7.30261897574,1
hit,6.04985600725,7
king,7.30261897574,1
secular,7.30261897574,1
express,7.30261897574,1
epidem,7.30261897574,1
cheaper,7.30261897574,1
lesdiableret,7.30261897574,1
articolo,7.30261897574,1
bofa,7.30261897574,1
mainten,7.30261897574,1
longest,7.30261897574,1
sd,7.30261897574,1
liabl,7.30261897574,1
sunni,7.30261897574,1
votetrump2016,6.89715386764,2
think,4.41224721785,39
adulthood,7.30261897574,1
singapor,7.30261897574,2
orcl,6.38632824387,5
balaji,6.89715386764,2
common,6.89715386764,2
cre,7.30261897574,1
hype,6.89715386764,2
x,7.30261897574,1
cri,7.30261897574,1
wrote,6.60947179518,3
commod,5.35670882669,14
arp,7.30261897574,1
certif,7.30261897574,1
rgay,6.89715386764,2
art,6.89715386764,2
emini,7.30261897574,1
dump,7.30261897574,1
creator,7.30261897574,1
tree,7.30261897574,1
startup,5.59787088351,10
sex,6.60947179518,3
increasingli,6.89715386764,2
lion,6.89715386764,2
dumb,6.89715386764,2
sea,7.30261897574,1
close,6.38632824387,4
riski,7.30261897574,1
arm,7.30261897574,1
analog,7.30261897574,1
1231,7.30261897574,1
project,6.20400668708,5
thatliber,7.30261897574,1
expert,6.04985600725,6
matter,5.91632461463,7
stuck,7.30261897574,1
someth,6.20400668708,5
leg,7.30261897574,1
particip,6.60947179518,3
tarnpriest,7.30261897574,1
debat,6.89715386764,2
deic,7.30261897574,1
won,6.89715386764,2
hideou,7.30261897574,1
dovrebbero,7.30261897574,1
committocaucu,7.30261897574,1
downturn,7.30261897574,1
disnerd,7.30261897574,1
experi,6.60947179518,3
law,6.38632824387,4
haroldpollack,7.30261897574,1
altern,6.60947179518,3
blow,6.89715386764,2
ahol,7.30261897574,1
popup,7.30261897574,1
zebodag,7.30261897574,1
complement,7.30261897574,1
unit,6.60947179518,3
subject,7.30261897574,1
pirat,7.30261897574,1
spray,7.30261897574,1
len,7.30261897574,1
infam,7.30261897574,1
complementari,7.30261897574,1
distinguish,7.30261897574,1
dividend,5.69318106331,12
popul,7.30261897574,1
c,6.89715386764,2
modestproposal1,7.30261897574,1
mega,7.30261897574,1
annual,5.91632461463,7
alon,7.30261897574,1
foreign,6.04985600725,6
colpi,7.30261897574,1
pmichelman,7.30261897574,1
forgotten,7.30261897574,1
mebfab,7.30261897574,1
mean,5.16255281225,16
load,7.30261897574,1
dietari,7.30261897574,1
episod,7.30261897574,1
tgt,7.30261897574,1
point,5.43081679884,15
bc2dc2016,7.30261897574,1
schedul,7.30261897574,1
ryska,7.30261897574,1
nicer,7.30261897574,1
provok,7.30261897574,1
suppli,6.60947179518,3
crispr,7.30261897574,1
johnmccrea,7.30261897574,1
mistak,7.30261897574,1
duh,7.30261897574,1
lender,6.89715386764,2
dhwbsjejjj,7.30261897574,1
mention,6.89715386764,2
jayhornerkc,7.30261897574,1
panera,7.30261897574,1
devic,7.30261897574,1
kcfaul,7.30261897574,1
perpetu,6.89715386764,2
pb,6.89715386764,2
wasnt,7.30261897574,1
secret,6.89715386764,2
pa,6.20400668708,5
brice,7.30261897574,1
ocean,6.60947179518,3
monthli,7.30261897574,1
pile,6.89715386764,2
mindset,7.30261897574,1
eszeftel,7.30261897574,1
pm,6.89715386764,2
firm,7.30261897574,1
wish,6.60947179518,3
flight,6.60947179518,3
gay,5.91632461463,7
buck,7.30261897574,1
mind,6.20400668708,5
citizen,7.30261897574,1
reformedbrok,6.89715386764,2
10316,7.30261897574,1
gap,5.43081679884,14
fund,4.44041809482,36
stanfordfan5,7.30261897574,1
understand,6.04985600725,6
1867,7.30261897574,1
demand,6.89715386764,2
standout,7.30261897574,1
educ,7.30261897574,1
unbias,7.30261897574,1
greas,7.30261897574,1
skift,6.89715386764,2
georgia,7.30261897574,1
uncertain,7.30261897574,1
look,4.66356164613,28
warrant,6.60947179518,3
straight,6.60947179518,3
tip,6.60947179518,3
mln,7.30261897574,1
budget,6.20400668708,5
governor,6.60947179518,3
turnov,7.30261897574,1
guidi,7.30261897574,1
bezo,6.89715386764,2
socialism,7.30261897574,1
homework,6.89715386764,2
abov,6.60947179518,3
error,6.38632824387,4
fun,5.05132717714,18
loot,7.30261897574,1
atlanta,7.30261897574,1
everyon,6.38632824387,4
pack,7.30261897574,1
kingdom,6.60947179518,3
affanno,7.30261897574,1
jpm,7.30261897574,1
readi,6.89715386764,2
technolog,6.38632824387,4
von,7.30261897574,1
downton,6.89715386764,2
rip,7.30261897574,1
rooftop,7.30261897574,1
hover,6.89715386764,2
centuri,7.30261897574,1
rig,6.89715386764,2
wiringthebrain,7.30261897574,1
t0nyyat,6.60947179518,3
weapon,7.30261897574,1
polemictmm,7.30261897574,1
chase,7.30261897574,1
nevinmartel,7.30261897574,1
irrelev,6.89715386764,2
minim,6.89715386764,2
seek,7.30261897574,1
funni,6.89715386764,2
2035,7.30261897574,1
2034,7.30261897574,1
2744,7.30261897574,1
9,6.60947179518,3
ruth,7.30261897574,1
conflict,6.89715386764,2
higher,5.43081679884,12
sell,6.20400668708,5
cboe,6.89715386764,2
peachi,7.30261897574,1
lie,6.89715386764,2
climatechang,7.30261897574,1
motorcycl,7.30261897574,1
1000x,7.30261897574,1
yesterday,6.89715386764,2
inflat,5.2877159552,14
piec,5.91632461463,7
moment,6.89715386764,2
flown,7.30261897574,1
lpth,7.30261897574,1
keyn,7.30261897574,1
extrem,6.89715386764,2
unveil,7.30261897574,1
georginaadam,7.30261897574,1
euro,7.30261897574,2
dark,7.30261897574,1
lower,6.20400668708,5
entri,7.30261897574,1
poland,6.60947179518,3
perlmanoffici,7.30261897574,1
haul,6.38632824387,4
honor,6.60947179518,3
dnainfo,7.30261897574,1
person,6.60947179518,3
cheer,6.89715386764,2
auditor,7.30261897574,1
elev,6.60947179518,3
san,6.04985600725,6
traffic,7.30261897574,1
skill,7.30261897574,1
spend,5.79854157897,9
propos,7.30261897574,1
explan,7.30261897574,1
coup,7.30261897574,1
chord,7.30261897574,1
bearer,6.89715386764,2
skin,6.89715386764,2
espnmintcondit,7.30261897574,1
collabor,7.30261897574,1
manthos,7.30261897574,1
shape,6.20400668708,5
world,4.86027194038,22
love,5.2877159552,14
taiwan,6.89715386764,2
gt,6.04985600725,6
mandat,7.30261897574,1
cut,5.91632461463,7
unsecur,6.89715386764,2
cup,7.30261897574,1
bpsay,7.30261897574,1
familyfriendli,7.30261897574,1
cuz,7.30261897574,1
wildcaff,7.30261897574,1
egypt,7.30261897574,1
cue,7.30261897574,1
dailybreadman,7.30261897574,1
careercomp,7.30261897574,1
monday,7.30261897574,1
input,7.30261897574,1
cum,7.30261897574,1
mondaywil,7.30261897574,1
complaint,7.30261897574,1
australia,7.30261897574,1
loss,5.69318106331,9
big,4.81771232596,23
bid,6.60947179518,3
donluskin,6.89715386764,2
game,6.04985600725,6
keiserreport,7.30261897574,1
biz,7.30261897574,1
donor,6.89715386764,2
ugauthi,7.30261897574,1
bit,5.69318106331,9
biggsag,6.89715386764,2
horlivka,7.30261897574,1
like,4.08374315088,52
unwindrepair,7.30261897574,1
leisur,6.89715386764,2
bout,7.30261897574,1
d,7.30261897574,1
semi,7.30261897574,1
garna,7.30261897574,1
confront,7.30261897574,1
signal,6.89715386764,2
shadowtrad,7.30261897574,1
resolv,6.89715386764,2
manifest,7.30261897574,1
eem,7.30261897574,1
collect,7.30261897574,1
distrust,7.30261897574,1
cruis,7.30261897574,1
perfect,6.89715386764,2
foolish,7.30261897574,1
ptsd,7.30261897574,1
encount,7.30261897574,1
neumann,7.30261897574,1
zingalesit,7.30261897574,1
tweetermey,7.30261897574,1
sampp,6.89715386764,2
spring,7.30261897574,1
creation,7.30261897574,1
pipelin,7.30261897574,1
saa,7.30261897574,1
ameritrad,7.30261897574,1
litter,7.30261897574,1
mideast,6.38632824387,4
insur,6.20400668708,5
mustang,7.30261897574,1
rurali,7.30261897574,1
sheesh,7.30261897574,1
forefront,7.30261897574,1
scale,6.60947179518,3
pet,6.60947179518,3
pew,7.30261897574,1
republ,7.30261897574,1
religion,7.30261897574,1
larg,5.91632461463,7
market,3.0399390987,142
anni,7.30261897574,1
mummi,7.30261897574,1
shenanigan,7.30261897574,1
epic,7.30261897574,1
journalist,7.30261897574,1
bd,6.89715386764,2
run,5.79854157897,9
bc,6.60947179518,3
300,7.30261897574,1
183week,7.30261897574,1
bn,7.30261897574,1
bo,7.30261897574,1
agreement,7.30261897574,1
palindrom,7.30261897574,1
bt,7.30261897574,1
step,6.89715386764,2
bw,7.30261897574,1
bp,6.38632824387,4
squeez,6.89715386764,2
wydaniach,7.30261897574,1
meantim,7.30261897574,1
streetcar,7.30261897574,1
carol,7.30261897574,1
caucu,7.30261897574,1
mortgag,7.30261897574,1
wealth,6.38632824387,4
walk,6.60947179518,3
noisesoundfeel,7.30261897574,1
wouldnt,6.04985600725,6
netflix,7.30261897574,1
updat,6.38632824387,4
ivanhoff,6.89715386764,2
materi,7.30261897574,1
pointjpborisa,7.30261897574,1
75,7.30261897574,1
natesilver538,7.30261897574,1
page,5.43081679884,12
nearterm,7.30261897574,1
revolut,7.30261897574,1
eastrel,7.30261897574,1
estim,6.60947179518,3
block,5.22317743407,16
meanrevert,7.30261897574,1
repair,7.30261897574,1
bezpecn,7.30261897574,1
hudson,7.30261897574,1
clinton,6.89715386764,2
irrit,7.30261897574,1
swastika,7.30261897574,1
marginsro,7.30261897574,1
advancedeclin,7.30261897574,1
atwat,7.30261897574,1
factor,6.60947179518,3
lesson,6.20400668708,5
underst,7.30261897574,1
ebitda,6.89715386764,2
qed,7.30261897574,1
occupi,7.30261897574,1
inclus,7.30261897574,1
dinamedland,7.30261897574,1
mythic,7.30261897574,1
sharehold,6.60947179518,3
agricultur,7.30261897574,1
terrarium,7.30261897574,1
long,3.13595375194,137
custom,7.30261897574,1
camera,7.30261897574,1
inspir,7.30261897574,1
includ,5.91632461463,7
guanchazh,7.30261897574,1
85mph,7.30261897574,1
forward,6.20400668708,5
78,7.30261897574,1
twitter,6.60947179518,3
stardom,7.30261897574,1
driverless,6.89715386764,2
jewish,6.89715386764,2
devecon,7.30261897574,1
shannaraboxhangout,7.30261897574,1
seeitmarket,6.89715386764,2
link,5.79854157897,8
pwc,7.30261897574,1
delta,6.89715386764,3
russian,6.38632824387,4
crane,7.30261897574,1
isra,7.30261897574,1
dull,7.30261897574,1
zika,6.89715386764,2
info,6.38632824387,4
tierion,7.30261897574,1
patriot,7.30261897574,1
consist,6.89715386764,2
polyamor,6.89715386764,2
ut,7.30261897574,1
prelud,7.30261897574,1
tho,6.60947179518,3
ur,7.30261897574,1
um,7.30261897574,1
ui,7.30261897574,1
uh,7.30261897574,1
uk,4.62847032632,28
azelin,7.30261897574,1
similar,6.38632824387,4
jakeandamir,7.30261897574,1
say,4.6999292903,29
2355,7.30261897574,1
uber,5.69318106331,9
steepen,7.30261897574,1
constant,7.30261897574,1
nationalist,7.30261897574,1
m,7.30261897574,1
chao,7.30261897574,1
repres,7.30261897574,1
septemb,7.30261897574,1
riiiiit,7.30261897574,1
home,5.59787088351,10
plaintiff,7.30261897574,1
cafd,7.30261897574,1
hospit,7.30261897574,1
graham,7.30261897574,1
oblastiach,7.30261897574,1
theyll,6.89715386764,2
titl,7.30261897574,1
nah,7.30261897574,1
wadhwa,7.30261897574,1
eurusd,6.89715386764,3
seattletim,6.60947179518,3
manhattan,7.30261897574,1
asymmetr,7.30261897574,1
nice,6.38632824387,4
ovx,6.89715386764,2
draw,7.30261897574,1
musician,7.30261897574,1
ostk,6.38632824387,6
gross,6.60947179518,3
tpp,7.30261897574,1
finit,7.30261897574,1
auburnpark,7.30261897574,1
mugatushair,7.30261897574,1
ago,5.91632461463,8
svm,7.30261897574,1
e,5.69318106331,9
algorithm,6.89715386764,2
trail,7.30261897574,1
dismantl,7.30261897574,1
age,6.89715386764,2
overlay,7.30261897574,1
mustansir,7.30261897574,1
gr8,7.30261897574,1
dvb,7.30261897574,1
2001,6.89715386764,2
dot,6.89715386764,2
2005,7.30261897574,1
societi,7.30261897574,1
2008,6.60947179518,3
johnjharwood,7.30261897574,1
foundri,7.30261897574,1
leah,7.30261897574,1
getringli,7.30261897574,1
trumpteach,7.30261897574,1
essay,7.30261897574,1
mitrakalita,7.30261897574,1
code,6.89715386764,2
jason,7.30261897574,1
edg,6.60947179518,3
wd,7.30261897574,1
miner,6.60947179518,3
pouvoirfrance3tv,7.30261897574,1
exim,6.89715386764,2
landesbanken,7.30261897574,1
squar,6.20400668708,5
teamusa,7.30261897574,1
broader,7.30261897574,1
effigi,6.89715386764,2
reyner,7.30261897574,1
superfici,7.30261897574,1
cognit,7.30261897574,1
bankersumbrella,7.30261897574,1
privat,6.04985600725,6
youngvulgarian,7.30261897574,1
itll,6.89715386764,2
plcm,7.30261897574,1
young,6.89715386764,2
send,6.60947179518,3
granular,7.30261897574,1
realli,5.91632461463,8
econometr,7.30261897574,1
visavi,7.30261897574,1
visitor,7.30261897574,1
reuter,6.89715386764,2
nvro,7.30261897574,1
indemn,7.30261897574,1
sent,7.30261897574,1
sniper,7.30261897574,1
pay,6.20400668708,6
attentionfragment,7.30261897574,1
mainstream,7.30261897574,1
yep,6.89715386764,2
nichola,7.30261897574,1
rout,7.30261897574,1
noisemak,7.30261897574,1
zintan,7.30261897574,1
wave,6.60947179518,3
techchart,6.89715386764,2
graphic,7.30261897574,1
thesqoou,7.30261897574,1
relev,7.30261897574,1
tri,5.91632461463,7
petersag,7.30261897574,1
tran,6.89715386764,2
magic,7.30261897574,1
harbor,7.30261897574,1
gender,7.30261897574,1
inclin,7.30261897574,1
michael,6.89715386764,2
ryan,7.30261897574,1
billsimmon,7.30261897574,1
race,6.38632824387,4
homeown,7.30261897574,1
porter,7.30261897574,1
havent,7.30261897574,1
investmentgrad,7.30261897574,1
apartheidlik,7.30261897574,1
vehicl,7.30261897574,2
impli,6.89715386764,2
pretend,7.30261897574,1
cashinin,7.30261897574,1
natur,6.20400668708,5
za,6.89715386764,2
policymak,6.38632824387,4
highlow,7.30261897574,1
jump,6.89715386764,2
bengazi,7.30261897574,1
video,5.59787088351,10
orwel,7.30261897574,1
carli,6.60947179518,3
cfr,7.30261897574,1
click,7.30261897574,1
folk,7.30261897574,1
gostanford,7.30261897574,1
index,5.22317743407,15
compar,6.89715386764,2
chicago,6.89715386764,4
med,6.60947179518,3
slight,6.89715386764,2
bdi,7.30261897574,1
bearish,6.60947179518,4
access,7.30261897574,1
indian,6.89715386764,2
tradingview,7.30261897574,1
bird,7.30261897574,1
whatev,7.30261897574,1
led,7.30261897574,1
sept,7.30261897574,1
hdmi,7.30261897574,1
despit,6.38632824387,4
newyork,7.30261897574,1
14mile,7.30261897574,1
bodi,7.30261897574,1
let,6.04985600725,7
lew,7.30261897574,1
joshsternberg,7.30261897574,1
108m,6.89715386764,2
becom,5.69318106331,10
bode,6.89715386764,2
sinc,5.51085950652,11
hkd,7.30261897574,1
clavist,7.30261897574,1
trendless,7.30261897574,1
unuwid,7.30261897574,1
great,4.90472370295,21
ukraina,7.30261897574,1
convers,7.30261897574,1
garybsmith,7.30261897574,1
cera,6.89715386764,2
33,7.30261897574,1
31,6.89715386764,2
30,5.79854157897,8
oversold,7.30261897574,1
36,7.30261897574,1
35,6.89715386764,2
later,6.60947179518,3
defeat,7.30261897574,1
popcorn,7.30261897574,1
opinion,6.20400668708,5
chang,5.79854157897,9
explain,6.04985600725,6
chanc,5.43081679884,12
reinsur,6.89715386764,2
18921922,7.30261897574,1
danger,6.20400668708,5
duct,7.30261897574,1
appli,6.89715386764,2
app,6.89715386764,2
emot,7.30261897574,1
inequ,6.89715386764,2
emtechdigit,7.30261897574,1
restaur,7.30261897574,1
forwardlook,7.30261897574,1
presidenti,6.89715386764,2
senat,7.30261897574,1
mostwatch,7.30261897574,1
ape,7.30261897574,1
fed,5.43081679884,12
fee,6.89715386764,2
crap,7.30261897574,1
che,6.89715386764,2
revis,7.30261897574,1
commun,6.60947179518,3
uso,7.30261897574,1
doubl,7.30261897574,1
blockchain,6.60947179518,4
upgrad,7.30261897574,1
implic,7.30261897574,1
predict,5.22317743407,15
doubt,6.38632824387,4
refuge,6.89715386764,2
usp,7.30261897574,1
thursdaybootco,7.30261897574,1
lewi,7.30261897574,1
poniewozik,7.30261897574,1
sort,7.30261897574,1
parliament,7.30261897574,1
babi,6.89715386764,2
trait,7.30261897574,1
econ,6.60947179518,3
benchmark,7.30261897574,1
boldli,7.30261897574,1
chariti,6.89715386764,2
season,6.89715386764,2
train,5.79854157897,8
asoiaf,7.30261897574,1
ok,6.60947179518,3
harvest,7.30261897574,1
pamelachelin,7.30261897574,1
annoy,6.89715386764,2
shobillion,7.30261897574,1
account,6.89715386764,2
scamp,7.30261897574,1
danczuk,6.89715386764,2
tradeidea,7.30261897574,1
f,7.30261897574,1
ride,6.89715386764,2
oh,6.89715386764,2
crazi,6.89715386764,2
pour,7.30261897574,1
hookup,7.30261897574,1
jwmason1,7.30261897574,1
drill,6.89715386764,2
hilton,6.20400668708,5
didnt,5.91632461463,7
proof,6.89715386764,2
employe,6.38632824387,4
tarantino,7.30261897574,1
weaker,6.89715386764,2
surviv,6.60947179518,3
slowmot,6.89715386764,2
process,6.60947179518,3
lock,7.30261897574,1
millionair,7.30261897574,1
carrol,7.30261897574,1
tax,6.04985600725,7
high,5.05132717714,20
tag,6.89715386764,2
condescend,7.30261897574,1
thirsti,7.30261897574,1
onlin,5.91632461463,7
tal,7.30261897574,1
kumulativni,7.30261897574,1
crimin,6.89715386764,2
saturdaystudysess,6.89715386764,2
rape,7.30261897574,1
pure,7.30261897574,1
preorder,7.30261897574,1
findyourpark,7.30261897574,1
narr,6.89715386764,2
delay,7.30261897574,1
brian,7.30261897574,1
japp,7.30261897574,1
pair,6.89715386764,2
mari,7.30261897574,1
borisosbornetheresa,7.30261897574,1
instead,7.30261897574,1
koblersrsg,7.30261897574,1
panic,7.30261897574,1
stock,4.59456877464,30
fare,6.60947179518,3
financ,6.38632824387,4
neighbor,7.30261897574,1
attend,7.30261897574,1
farm,7.30261897574,1
fran,6.89715386764,2
yearli,7.30261897574,1
iacaucu,7.30261897574,1
notebook,7.30261897574,1
attent,6.89715386764,2
ethnic,7.30261897574,1
liebo7,7.30261897574,1
hawk,6.89715386764,3
physic,7.30261897574,1
villag,6.60947179518,3
alloc,6.60947179518,3
essenti,7.30261897574,1
sessantanyc,7.30261897574,1
classi,7.30261897574,1
light,6.89715386764,2
bing,7.30261897574,1
sit,6.89715386764,2
kathimerinigr,7.30261897574,1
upshotnyt,7.30261897574,1
issu,6.20400668708,5
scoop,7.30261897574,1
chief,6.20400668708,5
dobri,7.30261897574,1
allow,6.60947179518,3
mieux,7.30261897574,1
elig,7.30261897574,1
movi,6.20400668708,5
outclass,6.89715386764,2
anticonsensu,7.30261897574,1
truthcoin,7.30261897574,1
138,7.30261897574,1
historyhit,7.30261897574,1
monarchist,7.30261897574,1
write,6.38632824387,4
le,7.30261897574,1
consensu,6.89715386764,2
decay,7.30261897574,1
afpfrla,7.30261897574,1
sunday,6.89715386764,2
vwap,7.30261897574,1
li,7.30261897574,1
lt,6.60947179518,3
infrastructur,5.51085950652,11
sdut,7.30261897574,1
2015,4.33220451018,40
2014,7.30261897574,1
decad,6.60947179518,3
2016,3.90142159408,59
2010,6.38632824387,4
2013,6.89715386764,2
2012,7.30261897574,1
cusp,7.30261897574,1
dwightgun,7.30261897574,1
baguett,7.30261897574,1
crash,7.30261897574,1
13f,7.30261897574,1
auto,7.30261897574,1
dan,7.30261897574,1
cagr,7.30261897574,1
bat,7.30261897574,1
topcoat,7.30261897574,1
akcuisin,7.30261897574,1
lindasilva810,7.30261897574,1
tribun,7.30261897574,1
kiss,7.30261897574,1
swissinfoen,7.30261897574,1
trade,4.77689033144,24
republican,6.38632824387,4
investor,5.22317743407,17
day,4.86027194038,22
successor,6.89715386764,2
jehmu,7.30261897574,1
michaelmoriarti,7.30261897574,1
damian,7.30261897574,1
anyth,6.60947179518,3
djukanov,7.30261897574,1
scenic,7.30261897574,1
tdansherrod,7.30261897574,1
nictrad,7.30261897574,1
quietli,7.30261897574,1
specif,6.89715386764,2
quest,7.30261897574,1
weather,6.89715386764,2
giamatti,7.30261897574,1
polit,6.89715386764,2
truth,6.89715386764,2
pct,6.89715386764,2
warner,7.30261897574,1
nyse,7.30261897574,1
recommend,6.89715386764,2
prashimash0,7.30261897574,1
p,6.89715386764,2
shower,7.30261897574,1
map,7.30261897574,1
skywrit,7.30261897574,1
product,5.16255281225,16
ecash,6.89715386764,2
80,6.89715386764,2
predatori,6.60947179518,3
special,6.60947179518,3
85,7.30261897574,1
trpoutlook,6.89715386764,2
khameneiir,6.89715386764,2
ocakavan,7.30261897574,1
sentiment,6.60947179518,3
influenc,6.89715386764,2
barbariancap,7.30261897574,1
prosyn,7.30261897574,1
voteleav,7.30261897574,1
minimumwag,6.89715386764,2
ret,7.30261897574,2
airbnb,7.30261897574,1
secretli,7.30261897574,1
activist,7.30261897574,1
cest,7.30261897574,1
rel,6.89715386764,2
libor,6.89715386764,2
hardwar,7.30261897574,1
stun,6.89715386764,2
defens,7.30261897574,1
ricki,7.30261897574,1
franc,5.2877159552,14
riday,7.30261897574,1
sander,7.30261897574,1
regulatori,7.30261897574,1
pleas,5.91632461463,7
contrarian,6.89715386764,2
tempo,7.30261897574,1
charit,7.30261897574,1
undo,7.30261897574,1
sami,7.30261897574,1
8x,7.30261897574,2
sahilkini,7.30261897574,1
york,5.35670882669,13
dshankar,6.89715386764,2
usual,6.89715386764,2
invas,7.30261897574,1
relat,7.30261897574,1
jbaksht,7.30261897574,1
afterward,7.30261897574,1
featur,6.89715386764,2
elsalameen,7.30261897574,1
respit,6.89715386764,2
yard,7.30261897574,1
spill,6.20400668708,5
mgsiegler,7.30261897574,1
blogpost,7.30261897574,1
theryanpark,7.30261897574,1
yarn,7.30261897574,1
david,6.89715386764,2
arbitrag,6.89715386764,2
elector,7.30261897574,1
length,7.30261897574,1
organis,7.30261897574,1
outsid,6.20400668708,5
helst,7.30261897574,1
ramez,7.30261897574,1
kristyt,7.30261897574,1
productand,7.30261897574,1
retail,7.30261897574,1
organiz,7.30261897574,1
south,6.89715386764,2
cbsalum,7.30261897574,1
softwar,6.89715386764,2
decadehigh,6.60947179518,3
student,6.04985600725,6
qualiti,6.89715386764,2
energyrosen,7.30261897574,1
echo,7.30261897574,1
whoop,5.91632461463,7
mai,7.30261897574,1
echr,7.30261897574,1
set,5.51085950652,11
20yr,7.30261897574,1
owner,6.60947179518,3
stump,7.30261897574,1
marietjeschaak,6.89715386764,2
backtest,7.30261897574,1
bart,7.30261897574,1
ancient,7.30261897574,1
bsing,7.30261897574,1
obvi,7.30261897574,1
licens,7.30261897574,1
capac,6.89715386764,2
messag,7.30261897574,1
r2r,7.30261897574,1
attach,7.30261897574,1
attack,6.38632824387,4
holyuk,7.30261897574,1
hxhassan,7.30261897574,1
termin,6.89715386764,2
awesometown,7.30261897574,1
final,6.04985600725,6
wnatur,6.89715386764,2
beard,7.30261897574,1
rsi,7.30261897574,1
thestalwart,7.30261897574,1
juli,7.30261897574,1
rsg,6.89715386764,2
pannat,7.30261897574,1
bakeri,7.30261897574,1
negro,7.30261897574,1
conshohocken,7.30261897574,1
exactli,6.60947179518,3
strictli,7.30261897574,1
mechan,7.30261897574,1
valley,7.30261897574,1
slack,6.89715386764,3
bed,7.30261897574,1
charact,7.30261897574,1
sens,6.38632824387,4
gestion,7.30261897574,1
bare,7.30261897574,1
psycholog,7.30261897574,1
18712012,7.30261897574,1
mbpd,7.30261897574,1
bet,6.04985600725,7
longshorttrad,6.89715386764,2
terribl,7.30261897574,1
favorit,6.89715386764,2
sometim,7.30261897574,1
clearli,6.89715386764,2
robot,6.60947179518,3
liner,7.30261897574,1
tonight,6.60947179518,3
winnertakesal,7.30261897574,1
immigr,7.30261897574,1
coher,6.60947179518,3
portrait,7.30261897574,1
need,4.73766961828,26
turn,5.69318106331,9
border,7.30261897574,1
intermiss,7.30261897574,1
afraid,7.30261897574,1
mil,7.30261897574,1
min,6.89715386764,2
babel,7.30261897574,1
mic,7.30261897574,1
balfund,7.30261897574,1
mid,7.30261897574,1
krugman,7.30261897574,1
cosbi,6.89715386764,2
bagel,7.30261897574,1
unawar,7.30261897574,1
sei,7.30261897574,1
prefer,6.60947179518,3
korean,7.30261897574,1
eman,6.89715386764,2
hp,7.30261897574,1
singl,6.04985600725,6
norsu2,7.30261897574,1
pete,7.30261897574,1
unless,7.30261897574,1
clash,6.89715386764,2
fidel,7.30261897574,1
erep,6.89715386764,2
cleverit,7.30261897574,1
presid,6.89715386764,2
sc,6.89715386764,2
said,5.59787088351,11
shuttl,7.30261897574,1
judici,7.30261897574,1
class,6.60947179518,3
shortterm,6.89715386764,2
400x,7.30261897574,1
prove,7.30261897574,1
selfclean,6.89715386764,2
fang,7.30261897574,1
wishbon,7.30261897574,1
frederick,7.30261897574,1
face,7.30261897574,1
worldand,6.89715386764,2
listan,7.30261897574,1
near,6.38632824387,4
talk,6.20400668708,5
32t,7.30261897574,1
occasion,7.30261897574,1
constrain,7.30261897574,1
mississippi,7.30261897574,1
apparatu,7.30261897574,1
thatd,7.30261897574,1
fact,5.79854157897,8
novemb,6.89715386764,2
lexiornetlexio1,7.30261897574,1
uninstal,7.30261897574,1
tolkien,7.30261897574,1
smedlund,7.30261897574,1
text,7.30261897574,1
watch,5.69318106331,9
bring,6.20400668708,5
empir,7.30261897574,1
vultur,6.89715386764,2
portfolio,6.89715386764,2
fear,6.20400668708,5
asylum,7.30261897574,1
economist,6.60947179518,3
2016e,7.30261897574,1
staff,6.89715386764,2
q1,7.30261897574,1
durant,7.30261897574,1
forex,7.30261897574,1
locat,7.30261897574,1
nois,5.2877159552,16
tire,7.30261897574,1
jay,7.30261897574,1
figur,6.60947179518,3
jan,6.38632824387,4
ksa,7.30261897574,1
jah,7.30261897574,1
combo,7.30261897574,1
fuel,6.89715386764,2
halfwit,7.30261897574,1
goodread,6.60947179518,3
local,4.35817999658,37
chatbot,7.30261897574,1
hall,7.30261897574,1
cube,7.30261897574,1
contribut,6.60947179518,3
cuba,7.30261897574,1
beat,5.91632461463,7
familiar,7.30261897574,1
disagre,7.30261897574,1
accel,7.30261897574,1
bear,5.69318106331,9
autom,7.30261897574,1
regularli,7.30261897574,1
122,5.35670882669,13
124,7.30261897574,1
underwrit,6.89715386764,2
burtwhit,6.89715386764,2
buyer,6.89715386764,2
utahbas,6.89715386764,2
twelv,7.30261897574,1
written,6.38632824387,4
spur,7.30261897574,1
evproven,7.30261897574,1
dirti,7.30261897574,1
qs,7.30261897574,1
enabl,7.30261897574,1
organ,7.30261897574,1
reweight,7.30261897574,1
exmbb,6.89715386764,2
jantrhan,7.30261897574,1
stanford,6.04985600725,6
ivanaboastski,7.30261897574,1
stuff,6.60947179518,3
thrive,6.60947179518,3
recept,6.89715386764,2
contain,7.30261897574,1
view,5.91632461463,7
millennialist,7.30261897574,1
btw,6.60947179518,3
legaci,7.30261897574,1
credibl,7.30261897574,1
julialaroch,7.30261897574,1
soumayakeyn,7.30261897574,1
knowledg,7.30261897574,1
reddit,7.30261897574,1
apolog,7.30261897574,1
ripresa,7.30261897574,1
trengriffin,6.89715386764,2
troubl,6.38632824387,4
statist,6.60947179518,3
ajkurki,6.89715386764,2
closer,6.89715386764,2
statu,7.30261897574,1
yamaguchi,7.30261897574,1
vikasbajaj,7.30261897574,1
diversif,7.30261897574,1
reform,7.30261897574,1
pattern,6.89715386764,2
ptraughber,7.30261897574,1
superb,7.30261897574,1
favor,6.89715386764,2
mysteri,7.30261897574,1
nonsurg,6.89715386764,2
crude,7.30261897574,1
paulsondhi,7.30261897574,1
poczatku,7.30261897574,1
warren,6.60947179518,3
youll,7.30261897574,1
email,6.20400668708,6
stati,7.30261897574,1
bought,7.30261897574,1
ken,6.89715386764,2
stainresist,6.89715386764,2
criticis,7.30261897574,1
tsipra,6.89715386764,2
sugarbowl,7.30261897574,1
bilan,7.30261897574,1
dislik,7.30261897574,1
job,5.91632461463,7
1012x,7.30261897574,1
key,6.04985600725,7
jib,7.30261897574,1
bioischang,7.30261897574,1
2pm,6.60947179518,3
malewhit,7.30261897574,2
addit,6.60947179518,3
ryansholin,7.30261897574,1
19702014,5.35670882669,13
ihrithik,7.30261897574,1
buster,7.30261897574,1
62fib,7.30261897574,1
tlt,6.89715386764,2
career,6.60947179518,3
joke,7.30261897574,2
la,7.30261897574,1
equal,7.30261897574,1
drug,7.30261897574,1
admit,7.30261897574,1
instanc,7.30261897574,1
etf,5.69318106331,11
hobbi,7.30261897574,1
swim,6.60947179518,3
procrastin,7.30261897574,1
heart,6.04985600725,6
wear,7.30261897574,1
comment,6.38632824387,4
ci,7.30261897574,1
578,6.89715386764,2
46x,7.30261897574,1
veresapien,7.30261897574,1
cc,7.30261897574,1
cb,6.89715386764,2
ca,7.30261897574,1
wonder,6.20400668708,5
cf,7.30261897574,1
ce,7.30261897574,1
cd,6.89715386764,2
theanalyst,7.30261897574,1
nycsouthpaw,7.30261897574,1
woodson,7.30261897574,1
news,5.69318106331,10
respect,6.60947179518,3
technologist,7.30261897574,1
clickbait,7.30261897574,1
pdchina,7.30261897574,1
creat,5.91632461463,7
reglevi,7.30261897574,1
bbg,7.30261897574,1
bbc,7.30261897574,1
ryanav,7.30261897574,1
cent,7.30261897574,1
breastfe,7.30261897574,1
rowanbosworth,6.89715386764,2
gaze,7.30261897574,2
rentier,6.89715386764,2
treat,6.89715386764,2
poet,7.30261897574,1
trajectori,7.30261897574,1
wto,7.30261897574,1
trend,4.59456877464,30
ls,7.30261897574,1
wtf,7.30261897574,1
468,6.89715386764,2
kolomoiski,6.89715386764,3
farmer,7.30261897574,1
newleadership,7.30261897574,1
bulk,6.89715386764,2
hmm,7.30261897574,1
zero,6.38632824387,4
tylercowen,7.30261897574,1
togeth,6.89715386764,2
bull,5.00003388275,20
1929,7.30261897574,1
brunch,6.89715386764,2
1yr,7.30261897574,1
present,6.04985600725,6
crappi,7.30261897574,1
refragment,6.89715386764,2
multi,6.89715386764,2
holiday,6.60947179518,3
stournara,6.89715386764,2
reclam,7.30261897574,1
lanne,7.30261897574,1
runway,7.30261897574,1
mnohych,7.30261897574,1
harder,7.30261897574,1
petenajarian,7.30261897574,1
leagu,7.30261897574,1
dagenmcdowel,7.30261897574,1
jessi,7.30261897574,1
ounc,7.30261897574,1
trento,7.30261897574,1
bathtub,7.30261897574,1
ill,6.38632824387,4
rba,7.30261897574,1
layer,7.30261897574,1
ustwogam,7.30261897574,1
ripe,6.89715386764,2
fondo,7.30261897574,1
viru,6.89715386764,2
captl,7.30261897574,1
pitt,7.30261897574,1
pregoogl,7.30261897574,1
gregip,7.30261897574,1
vs,5.79854157897,10
motiv,7.30261897574,1
substanti,7.30261897574,1
arabia,5.51085950652,11
incom,6.38632824387,4
bloodless,7.30261897574,1
patti,7.30261897574,1
5yr,7.30261897574,1
son,7.30261897574,1
scienc,6.89715386764,2
uniti,7.30261897574,1
semiauto,7.30261897574,1
welcom,6.38632824387,4
parti,6.89715386764,2
balloon,7.30261897574,1
cross,7.30261897574,1
member,6.38632824387,4
eschaton,7.30261897574,1
mfobserv,7.30261897574,1
largest,6.89715386764,2
inch,7.30261897574,1
outbreak,7.30261897574,1
probabl,6.89715386764,2
incl,7.30261897574,1
infer,7.30261897574,1
difficult,7.30261897574,1
competit,6.89715386764,2
tighten,7.30261897574,1
ball,6.60947179518,3
slave,6.89715386764,2
structur,6.38632824387,4
bpplc,6.38632824387,4
drink,7.30261897574,1
effect,6.20400668708,5
coffe,7.30261897574,1
phd,6.89715386764,2
beast,7.30261897574,1
initi,6.89715386764,2
beforeor,7.30261897574,1
php,7.30261897574,1
expand,7.30261897574,1
yeah,6.89715386764,2
schw,7.30261897574,1
mech,7.30261897574,1
surpris,7.30261897574,1
center,6.38632824387,4
lunch,7.30261897574,1
diversifi,6.60947179518,3
seth,6.89715386764,2
thought,5.69318106331,9
46,6.89715386764,2
exampl,7.30261897574,1
log,7.30261897574,1
choos,7.30261897574,1
nuther,7.30261897574,1
microlend,7.30261897574,1
autoplay,7.30261897574,1
deion,7.30261897574,1
bcorpeurop,7.30261897574,1
paus,7.30261897574,1
discord,6.89715386764,2
andykrol,7.30261897574,1
unclejimbo,7.30261897574,1
passeng,6.89715386764,2
martinomalley,6.89715386764,2
gun,6.38632824387,4
clinic,7.30261897574,1
natsuo,7.30261897574,1
wikiguido,7.30261897574,1
dakota,7.30261897574,1
iceberg,7.30261897574,1
paul,6.89715386764,2
saud,7.30261897574,1
demograph,7.30261897574,1
gmo,7.30261897574,1
field,6.89715386764,2
sky,7.30261897574,1
discuss,6.89715386764,2
arrest,7.30261897574,1
add,6.89715386764,2
nato,7.30261897574,1
whichev,7.30261897574,1
crack,6.89715386764,2
5,5.43081679884,13
kevincalabria1,7.30261897574,1
tmfhousel,6.89715386764,2
enact,7.30261897574,1
aclu,7.30261897574,1
wont,5.69318106331,9
rememb,6.04985600725,6
myth,7.30261897574,1
billionair,7.30261897574,1
dysmorphicu,7.30261897574,1
fyi,7.30261897574,1
sociopathi,7.30261897574,1
catalystdriven,6.89715386764,2
munich,7.30261897574,1
cruz,7.30261897574,1
realiz,7.30261897574,1
window,7.30261897574,1
know,4.53003025351,32
265,7.30261897574,1
anthonydpaul,7.30261897574,1
realis,7.30261897574,1
accru,7.30261897574,1
lincoln,7.30261897574,1
resid,7.30261897574,1
ahem,7.30261897574,1
success,6.60947179518,3
corpor,6.89715386764,2
ellencarmichael,7.30261897574,1
kitconewsnow,6.89715386764,2
astamat,7.30261897574,1
crise,6.89715386764,2
stagger,7.30261897574,1
necessari,7.30261897574,1
accra,7.30261897574,1
heed,7.30261897574,1
lose,5.79854157897,8
isi,6.20400668708,6
badnot,6.38632824387,4
crisi,6.38632824387,4
shed,7.30261897574,1
revers,7.30261897574,1
incent,6.89715386764,2
ge2020,7.30261897574,1
captur,6.89715386764,2
synergi,7.30261897574,1
scottish,6.89715386764,2
stat,7.30261897574,1
hail,7.30261897574,1
hair,6.89715386764,2
growth,5.16255281225,16
export,7.30261897574,1
convey,7.30261897574,1
straighten,7.30261897574,1
proper,7.30261897574,1
guarante,7.30261897574,1
amzn,6.89715386764,2
peter,7.30261897574,1
118,7.30261897574,1
transport,7.30261897574,1
mampa,6.89715386764,2
feder,6.60947179518,3
lead,5.91632461463,7
esp,7.30261897574,1
bodyblow,7.30261897574,1
broad,7.30261897574,1
avoid,6.89715386764,3
hunterwalk,7.30261897574,1
lean,7.30261897574,2
matshenricson,7.30261897574,1
showtim,7.30261897574,1
wout,6.38632824387,4
tad,6.38632824387,4
breakout,6.38632824387,4
leav,6.89715386764,2
settl,7.30261897574,1
blooddriv,7.30261897574,1
mkt,6.38632824387,5
speak,7.30261897574,1
leader,4.44041809482,34
trap,6.38632824387,4
regain,7.30261897574,1
bolster,6.89715386764,2
grrr,6.89715386764,2
loom,7.30261897574,1
norii38,7.30261897574,1
acronym,7.30261897574,1
pasti,7.30261897574,1
globalis,7.30261897574,1
host,7.30261897574,1
gufo,7.30261897574,1
stay,5.51085950652,11
grrm,7.30261897574,1
monetari,6.60947179518,3
nkpc,7.30261897574,1
stage,6.89715386764,2
quarter,6.89715386764,2
actual,5.59787088351,10
column,6.60947179518,3
documentari,7.30261897574,1
forksup,7.30261897574,1
krc,7.30261897574,1
norm,7.30261897574,1
whitewat,7.30261897574,1
protestor,6.89715386764,2
theyr,6.04985600725,6
20072008,7.30261897574,1
absolut,6.20400668708,5
lookitsjonno,7.30261897574,1
washington,7.30261897574,1
doesnt,5.35670882669,13
toread,7.30261897574,1
esteem,7.30261897574,1
awhil,7.30261897574,1
theyd,7.30261897574,1
banch,7.30261897574,1
expatina,7.30261897574,1
nbctelenovela,7.30261897574,1
leverag,5.91632461463,7
1987,7.30261897574,1
jing,7.30261897574,1
nuke,6.89715386764,2
1983,7.30261897574,1
pictur,7.30261897574,1
transfer,7.30261897574,1
themat,7.30261897574,1
rotat,7.30261897574,1
southafrica,7.30261897574,1
appl,6.04985600725,6
slovakia,6.20400668708,5
burmes,7.30261897574,1
biggest,6.04985600725,6
advenica,7.30261897574,1
l0gg0l,7.30261897574,1
keynesian,7.30261897574,1
wutangcannabi,7.30261897574,1
function,7.30261897574,1
buy,5.91632461463,9
north,7.30261897574,1
unfriend,7.30261897574,1
unexpect,7.30261897574,1
innoc,7.30261897574,1
hr,6.89715386764,2
litalia,7.30261897574,1
brand,7.30261897574,1
hq,7.30261897574,1
wed,6.38632824387,4
jasonclampet,6.89715386764,2
msquinn,7.30261897574,1
hk,7.30261897574,1
neutral,7.30261897574,1
hi,5.00003388275,23
gain,5.91632461463,7
kitjuck,7.30261897574,1
bum,7.30261897574,1
ha,4.02547424275,52
hf,7.30261897574,1
eat,6.38632824387,4
count,7.30261897574,1
succe,7.30261897574,1
pi,7.30261897574,1
packard,6.89715386764,2
switch,5.91632461463,7
ecosystem,7.30261897574,1
daffodil,7.30261897574,1
distract,7.30261897574,1
po,7.30261897574,1
3mo,7.30261897574,1
record,6.04985600725,6
limit,6.04985600725,6
urbaninstitut,6.89715386764,2
monument,7.30261897574,1
otherwis,7.30261897574,1
problem,5.91632461463,7
strategi,6.38632824387,4
display,7.30261897574,1
ring,7.30261897574,1
sponsor,7.30261897574,1
rosebowl,7.30261897574,1
irish,7.30261897574,2
dataviz,7.30261897574,1
rfx303,6.89715386764,2
makingamurder,7.30261897574,1
dure,7.30261897574,1
pic,6.60947179518,3
romney,7.30261897574,1
life,5.79854157897,8
inr,7.30261897574,1
dcexamin,6.89715386764,2
erin,7.30261897574,1
donetsk,7.30261897574,1
alnimr,5.51085950652,11
implement,6.89715386764,2
83,7.30261897574,1
fininfotwit,7.30261897574,1
michelet,7.30261897574,1
eric,6.89715386764,2
devperspect,7.30261897574,1
podcastsc,7.30261897574,1
diego,6.89715386764,2
booz,7.30261897574,1
jbooton,7.30261897574,1
48,7.30261897574,1
rk70534,7.30261897574,1
awalkerinla,7.30261897574,1
44,6.89715386764,2
45,7.30261897574,1
percent,7.30261897574,1
40,6.89715386764,2
41,7.30261897574,1
longer,6.60947179518,3
book,5.35670882669,15
boom,6.38632824387,4
branch,7.30261897574,1
maximmag,7.30261897574,1
deadli,7.30261897574,1
wing,7.30261897574,1
megacap,7.30261897574,1
dchagedorn,7.30261897574,1
troll,6.89715386764,2
junk,6.60947179518,3
francisco,6.89715386764,2
poverti,6.60947179518,3
potenti,7.30261897574,1
izakaminska,6.89715386764,2
heresthefutur,7.30261897574,1
vega,7.30261897574,1
semil,7.30261897574,1
hbowil,7.30261897574,1
kinda,7.30261897574,1
rural,7.30261897574,1
stan,7.30261897574,1
jlaich,7.30261897574,1
8000,7.30261897574,1
prize,7.30261897574,1
dennycrane550,7.30261897574,1
gooooood,7.30261897574,1
hni,7.30261897574,1
baker,7.30261897574,1
buzzfeednew,6.60947179518,3
rule,6.20400668708,5
portion,7.30261897574,1
emerg,6.04985600725,6
pension,6.38632824387,4
openoffic,6.89715386764,2
southkorea,7.30261897574,1
uncannyth,7.30261897574,1
bberg,7.30261897574,1
decemb,6.20400668708,5
